word,count
the,6997
be,5676
a,4279
to,3370
i,3054
and,2775
it,2588
iphone,2406
apple,2092
for,1903
have,1751
of,1635
phone,1547
in,1530
that,1470
pro,1459
you,1325
this,1306
on,1283
with,1168
they,1123
new,1105
year,1080
like,1078
just,1065
camera,1051
button,999
my,962
do,905
not,876
so,867
but,835
get,820
will,752
still,636
use,621
make,599
upgrade,599
same,597
an,575
all,569
im,558
now,555
more,552
feature,541
people,536
or,536
from,534
can,531
hz,530
max,530
one,529
what,521
at,510
me,509
if,506
dont,505
video,486
well,472
look,458
about,456
no,436
we,425
how,424
go,414
your,405
hrefhttpswwwyoutubecomwatchvphkjcampta,399
samsung,391
only,377
when,371
wait,369
ai,367
out,362
buy,355
think,353
every,350
s,346
really,343
time,340
see,337
their,336
thing,335
say,335
need,327
would,320
there,319
even,316
change,313
android,303
why,301
come,297
screen,293
want,280
than,279
feel,277
big,274
good,271
these,265
add,262
who,262
iphones,258
up,257
should,252
battery,251
nothing,249
because,243
user,240
know,233
take,232
them,229
u,229
old,227
model,225
again,222
back,221
design,217
watch,217
way,217
give,216
much,213
by,212
cant,203
love,202
ultra,201
which,200
very,196
thats,195
last,191
then,189
first,189
here,186
other,183
any,183
innovation,180
actually,179
point,178
case,177
lol,175
review,175
most,169
release,166
call,166
some,164
work,162
always,161
too,161
display,160
next,160
day,157
keep,154
great,153
something,152
those,151
company,151
gonna,150
intelligence,149
ever,149
another,149
game,148
could,148
he,148
since,148
also,146
update,143
x,142
after,142
bro,142
best,141
event,139
pixel,139
price,139
many,137
plus,137
seem,134
let,132
arun,131
never,131
google,130
base,129
already,128
stuff,126
bad,125
ill,124
basically,122
focus,119
control,118
over,118
try,115
guy,115
color,114
product,114
right,113
boring,113
action,112
reason,112
ive,110
device,109
where,109
before,107
different,107
k,106
wont,105
worth,104
money,103
doesnt,102
sell,102
long,102
didnt,99
mkbhd,99
siri,98
photo,98
literally,98
launch,97
anything,97
off,97
tech,97
switch,96
mean,95
software,94
talk,94
little,93
everything,93
shit,93
own,91
put,90
please,90
while,90
series,90
into,89
start,88
comment,88
such,87
isnt,87
br,87
hand,87
gb,87
useless,87
stick,87
touch,86
lot,86
maybe,86
ago,86
difference,84
job,84
version,84
stop,83
finally,83
less,83
test,83
enough,82
idea,82
real,82
care,81
xaik,80
life,79
yet,79
improvement,79
least,78
buying,78
instead,78
few,77
tell,77
id,76
down,76
wow,76
world,75
small,75
galaxy,75
without,75
generation,75
probably,75
two,74
thought,74
nice,74
youre,73
steve,73
sure,73
chip,73
guess,72
excite,72
crazy,72
almost,71
huawei,71
copy,70
miss,70
cool,69
theyre,69
become,69
anyone,69
bring,69
fan,68
until,68
charge,67
sony,67
hold,67
brand,67
side,67
io,67
remember,66
lens,66
else,66
fold,66
bit,66
mrwhosetheboss,65
subscriber,65
show,65
regular,65
turn,64
compare,63
oh,62
vision,61
pretty,61
understand,61
might,61
hate,60
innovative,60
view,60
between,60
joke,59
his,59
man,59
everyone,59
end,58
wonder,58
yeah,58
quot,58
away,58
thanks,58
move,58
size,57
drop,57
rate,57
pay,57
name,57
our,57
zoom,57
anymore,56
fact,56
someone,56
amp,56
left,55
though,55
extra,55
v,55
refresh,55
record,55
future,55
honestly,54
honest,54
normal,54
complain,54
fingerprint,54
colour,53
number,53
ugly,53
hard,53
hope,53
capture,52
sensor,52
wish,51
ask,51
smartphone,51
inch,51
d,51
introduce,50
able,50
happy,50
amaze,50
damn,49
professional,49
useful,49
marque,49
disappointed,49
layout,49
faster,49
find,48
high,48
revolutionary,48
marketing,48
late,48
remove,48
m,48
run,48
tim,47
found,47
behind,47
question,47
hi,46
notice,46
comparison,46
bought,46
market,46
early,46
sub,45
vertical,45
whole,45
finger,45
whats,45
fps,45
far,45
gimmick,45
play,45
mini,44
fast,44
minute,44
full,44
kinda,44
available,44
press,43
huge,43
sound,43
bezel,43
once,43
mate,43
yes,43
hardware,43
thank,43
improve,42
rather,42
million,42
fine,42
cause,42
waste,41
part,41
especially,41
xperia,41
glass,41
line,41
reach,41
picture,41
havent,41
customer,41
flagship,41
consider,40
around,40
technology,40
eu,40
easy,40
cook,40
expect,40
fall,39
beat,39
dollar,39
till,39
top,39
channel,39
expensive,39
longer,39
step,39
mode,39
stay,38
absolutely,38
shutter,38
upgraded,38
each,38
moment,38
definitely,38
unless,38
perfect,38
hey,37
quality,37
believe,37
slow,37
sense,37
option,37
lose,37
innovate,37
sorry,36
suck,36
app,36
forward,36
cost,36
pass,36
storage,36
break,36
save,36
apps,35
xt,35
function,35
month,35
imagine,35
stupid,35
pm,35
power,35
landscape,35
meh,35
etc,35
today,34
sad,34
saw,34
ok,34
standard,34
main,34
later,34
term,34
funny,34
kind,34
airpods,34
him,34
reviewer,33
smart,33
spec,33
hour,33
half,33
soon,33
theyve,33
se,33
rid,32
completely,32
person,32
exactly,32
content,32
gen,32
island,32
issue,32
cheap,32
previous,32
glad,32
second,32
interest,32
under,31
youtube,31
volume,31
experience,31
jack,31
actual,31
arent,31
matter,31
through,31
low,31
offer,31
ipad,31
except,31
lack,31
social,31
p,31
mp,31
live,30
face,30
shoot,30
word,30
bos,30
mind,30
impressive,30
scam,30
mention,30
help,30
light,29
average,29
note,29
past,29
background,29
decide,29
problem,29
industry,29
must,29
wtf,29
laugh,29
medium,29
both,29
dumb,29
set,29
edge,29
tire,29
double,28
tbh,28
hell,28
true,28
god,28
seriously,28
include,28
cut,28
dedicate,28
either,28
youtubers,28
due,28
vid,28
type,28
opinion,27
fun,27
th,27
level,27
weird,27
happen,27
continue,27
super,27
skip,27
anyway,27
lmao,27
tho,27
non,27
simple,27
front,27
performance,27
nokia,27
shot,27
crap,27
min,27
cheaper,26
smartphones,26
functionality,26
myself,26
current,26
home,26
headphone,26
diagonal,26
afford,26
europe,26
provide,26
simply,26
whatever,26
stand,26
learn,26
replace,26
w,26
large,26
die,26
disappoint,26
push,25
ad,25
tap,25
ahead,25
impressed,25
scroll,25
wanna,25
nobody,25
spot,25
wasnt,25
slightly,25
hit,25
similar,25
ur,25
film,24
hop,24
ready,24
sale,24
minor,24
force,24
spend,24
personally,24
cannot,24
manual,24
titanium,24
wouldnt,24
dude,24
her,24
major,24
groundbreaking,24
us,23
consumer,23
notch,23
exact,23
rock,23
email,23
web,23
prefer,23
dynamic,23
agree,23
open,23
okay,23
click,23
bri,22
casual,22
single,22
mr,22
youll,22
cover,22
eye,22
basic,22
bruh,22
dog,22
confuse,22
processor,22
nowadays,22
usb,22
create,22
flip,22
forget,22
fuck,22
tablet,22
edit,22
manufacturer,21
increase,21
short,21
close,21
insane,21
copying,21
btw,21
idk,21
fell,21
newer,21
decade,21
kid,21
free,21
fix,21
support,21
garbage,21
listen,21
weve,21
yo,21
jump,21
hear,21
awesome,21
shame,21
ram,21
post,20
lock,20
brapple,20
premium,20
g,20
impression,20
exist,20
bias,20
barely,20
pocket,20
wide,20
convince,20
data,20
value,20
hype,20
unnecessary,20
place,20
felt,20
appreciate,20
photography,20
pointless,20
spatial,20
significant,20
manage,19
chatgpt,19
space,19
car,19
presentation,19
zero,19
samsungs,19
follow,19
audio,19
manually,19
oneplus,19
system,19
often,19
protection,19
quite,19
yesterday,19
computer,19
totally,19
special,19
atleast,19
interested,19
round,19
others,19
may,19
buttonquot,19
access,19
ip,19
bet,19
present,18
honor,18
allow,18
wrong,18
quick,18
print,18
swipe,18
pink,18
surprised,18
st,18
speed,18
lame,18
stuck,18
underwhelming,18
portrait,18
thumb,18
nah,18
trust,18
lineup,18
business,18
heard,18
clearly,17
voice,17
text,17
physical,17
b,17
pls,17
memory,17
pause,17
easily,17
announce,17
plan,17
friend,17
cycle,17
scanner,17
leave,17
tool,17
hasnt,17
haha,17
recycle,17
photographer,17
currently,17
near,17
dead,17
usual,17
catch,17
choice,17
n,17
win,17
keyboard,17
disappointment,17
week,17
frame,17
owner,17
she,17
xd,17
omg,16
port,16
aspect,16
bore,16
assistant,16
meanwhile,16
curious,16
keynote,16
theyll,16
ran,16
usually,16
mine,16
majority,16
rip,16
team,16
daily,16
telephoto,16
foldable,16
limit,16
ridiculous,16
c,16
bottom,16
cpu,16
lie,16
lead,16
massive,16
repeat,16
speak,16
rest,16
deliver,16
style,15
search,15
boy,15
xl,15
usage,15
notification,15
yr,15
position,15
forgot,15
entire,15
surpass,15
towards,15
properly,15
quotapple,15
mac,15
buck,15
couldnt,15
accidentally,15
yall,15
hopefully,15
brbri,15
grade,15
peak,15
cuz,15
important,15
era,15
area,15
couldve,15
xiaomi,15
charger,15
message,15
perfectly,15
magic,15
pas,15
aint,15
mostly,15
hello,15
music,14
ratio,14
mark,14
enjoy,14
check,14
realise,14
shouldve,14
trash,14
esr,14
terrible,14
ecosystem,14
pick,14
thinner,14
blue,14
strong,14
incremental,14
mobile,14
sheep,14
nearly,14
inside,14
hearing,14
brought,14
cameo,14
yea,14
build,14
shouldnt,14
obviously,14
king,14
hertz,14
air,14
studio,14
concern,14
chat,14
motorola,14
genuinely,14
return,14
internet,14
brthe,14
personal,14
youtuber,14
unfortunately,14
fool,14
gold,14
steal,14
room,14
kept,13
act,13
auto,13
placement,13
information,13
o,13
broke,13
xr,13
cmf,13
wouldve,13
hardly,13
imo,13
realize,13
ultramarine,13
sometimes,13
microphone,13
fanboys,13
horrible,13
broken,13
count,13
happens,13
image,13
overall,13
bother,13
brain,13
within,13
begin,13
straight,13
ppl,13
setup,13
language,13
themselves,13
official,13
box,13
answer,13
benefit,13
nor,13
tone,13
overtook,13
read,13
brownlee,13
minimal,13
aruns,13
horizontal,13
during,13
yawn,13
competition,13
send,13
body,12
fair,12
mad,12
nonpro,12
development,12
giant,12
itself,12
otherwise,12
as,12
chinese,12
trade,12
cross,12
smh,12
example,12
artificial,12
roll,12
held,12
possible,12
pathetic,12
powerful,12
wild,12
desert,12
quotnewquot,12
gemini,12
integrate,12
trifold,12
likely,12
setting,12
section,12
struggle,12
h,12
china,12
form,12
chance,12
country,12
piece,12
paid,12
budget,12
sponsor,12
brother,12
cooked,12
order,12
task,12
slowly,12
triple,12
sensitive,12
criminal,12
choose,12
annoy,12
apart,12
combine,11
pic,11
subscribe,11
thin,11
ceramic,11
variant,11
store,11
whether,11
leak,11
original,11
vids,11
euro,11
criticize,11
sir,11
alot,11
rn,11
mom,11
promise,11
square,11
multiple,11
macbook,11
fire,11
sick,11
recommend,11
wheres,11
promax,11
reduce,11
crack,11
ring,11
decision,11
age,11
reminds,11
spending,11
t,11
repair,11
history,11
hole,11
couple,11
gpu,11
anyways,11
trend,11
fake,11
briphone,11
yearly,11
youve,11
hat,11
human,11
summary,11
wake,11
invent,11
gift,11
military,11
purpose,11
serious,11
genuine,11
exposure,11
gotta,11
overprice,11
three,11
scratch,11
handle,11
eventually,11
alone,11
besides,11
corner,11
outdated,11
em,11
macro,11
deal,11
sleep,11
bump,11
aside,11
revolution,10
adjust,10
profit,10
highly,10
respect,10
below,10
however,10
member,10
english,10
typical,10
redesign,10
promotion,10
four,10
maker,10
produce,10
mm,10
roast,10
everybody,10
gta,10
material,10
justify,10
forever,10
slider,10
backwards,10
creator,10
factor,10
appeal,10
together,10
recent,10
key,10
night,10
meant,10
shut,10
across,10
outside,10
usd,10
sht,10
stage,10
september,10
convert,10
ngl,10
jerry,10
rich,10
laptop,10
favorite,10
slide,10
throw,10
built,10
usbc,10
figure,10
praise,10
boost,10
obvious,10
extremely,10
admit,10
gang,10
planning,10
recently,10
worthy,10
pricing,10
itll,10
worry,10
magsafe,10
child,10
cam,10
black,10
noise,10
stock,10
jerryrigeverything,10
paste,10
alive,10
circle,10
swear,10
dark,10
card,10
detail,10
along,10
brit,10
none,10
redmi,10
hahaha,10
fart,10
clear,9
ultimate,9
shitty,9
brag,9
sd,9
period,9
rename,9
wheel,9
f,9
opportunity,9
decent,9
earlier,9
surely,9
window,9
service,9
range,9
health,9
poor,9
thumbnail,9
per,9
replacement,9
against,9
although,9
nope,9
unique,9
indeed,9
fresh,9
capable,9
truly,9
brightness,9
assume,9
wave,9
solution,9
difficult,9
opening,9
reaction,9
regard,9
woah,9
correct,9
lazy,9
proper,9
beyond,9
fit,9
share,9
online,9
perhaps,9
leap,9
rubbish,9
flashlight,9
title,9
rig,9
somehow,9
z,9
claim,9
gt,9
party,9
piss,9
code,9
dream,9
thala,9
processing,9
several,9
third,9
enthusiast,9
e,9
weak,9
motion,9
carry,9
luck,9
influencers,9
reading,9
disagree,9
promote,9
advance,9
shock,9
quotthe,9
privacy,9
blow,9
cutout,9
shape,9
brbut,9
speaker,8
everyday,8
implement,8
song,8
general,8
ground,8
customize,8
absolute,8
exists,8
upcoming,8
green,8
mid,8
iteration,8
reader,8
mistake,8
damage,8
purchase,8
impact,8
letdown,8
hater,8
anytime,8
engineer,8
ultrawide,8
cloud,8
invest,8
soft,8
middle,8
differentiate,8
law,8
via,8
l,8
onwards,8
reasonable,8
thermal,8
negative,8
silent,8
energy,8
accept,8
ability,8
row,8
unacceptable,8
mum,8
measure,8
soooo,8
clean,8
sec,8
download,8
blah,8
tb,8
selfie,8
conclusion,8
regardless,8
complaint,8
battle,8
default,8
aid,8
wife,8
autofocus,8
story,8
reveal,8
news,8
blackberry,8
earth,8
germany,8
conversation,8
modern,8
gpt,8
buttonless,8
percentage,8
above,8
capability,8
mainly,8
complex,8
relevant,8
wise,8
shield,8
frustrate,8
white,8
shell,8
ignore,8
welcome,8
bar,8
crime,8
xait,8
amount,8
solid,8
odd,8
pull,8
excitement,8
course,8
feed,8
tag,8
unlike,8
ship,8
bot,8
cry,8
invite,8
reality,8
huh,8
su,8
apparently,8
ya,8
y,8
tshirt,8
pc,8
random,8
fr,8
rule,8
machine,8
smooth,8
bc,8
told,8
rarely,8
suppose,8
idiot,8
eat,7
mess,7
ditch,7
quotcamera,7
january,7
tv,7
family,7
wear,7
nit,7
logo,7
gimmicky,7
join,7
refurbish,7
passing,7
walk,7
repetitive,7
caught,7
kidney,7
slight,7
grab,7
exit,7
entirely,7
gig,7
movie,7
mo,7
aaron,7
genius,7
jesus,7
cowboy,7
tiktok,7
flex,7
flat,7
total,7
holy,7
rumor,7
downfall,7
complicate,7
certain,7
situation,7
hero,7
effort,7
employee,7
creative,7
hurt,7
gesture,7
beta,7
dirt,7
grow,7
vertically,7
heat,7
quotbig,7
blur,7
ban,7
trace,7
specific,7
yay,7
bunch,7
technically,7
niche,7
beautiful,7
mass,7
ahh,7
despite,7
nail,7
safe,7
swap,7
subscription,7
advanced,7
bye,7
earn,7
sit,7
onto,7
track,7
bug,7
visual,7
prayer,7
congrats,7
install,7
ray,7
harder,7
durable,7
war,7
doubt,7
fully,7
target,7
jumping,7
billion,7
separate,7
explain,7
write,7
brbralso,7
emojis,7
downgrade,7
specifically,7
intelligent,7
stash,7
boycott,7
uncomfortable,7
developer,7
certainly,7
fly,7
advantage,7
brick,7
pad,7
drive,7
format,7
constant,7
community,7
r,7
shift,7
intelligencequot,7
defend,7
hmmm,7
require,7
mirror,7
yep,7
animation,7
fail,7
tempt,7
smoke,7
icloud,6
fooling,6
troll,6
young,6
draw,6
meta,6
punch,6
encourage,6
link,6
resolution,6
lmfao,6
tri,6
impress,6
bangladesh,6
dslr,6
noticeable,6
monitor,6
shortcut,6
quest,6
hyped,6
beer,6
exclusive,6
slot,6
joking,6
page,6
overrate,6
deserve,6
touchid,6
fanboy,6
percent,6
lunch,6
lucky,6
toy,6
graphic,6
directly,6
halolock,6
bragging,6
spy,6
list,6
incredible,6
tiny,6
hr,6
fancy,6
chill,6
quotits,6
resistant,6
grave,6
beating,6
carbon,6
soo,6
competitor,6
loyal,6
hrefuckszuwhgymbdvujgbifyzokivknap_iaayaa,6
quickly,6
normally,6
bake,6
shorter,6
heavy,6
hot,6
gloat,6
ah,6
nd,6
evolve,6
match,6
satisfied,6
meaning,6
tf,6
custom,6
oled,6
meme,6
tomorrow,6
school,6
star,6
mount,6
bound,6
ig,6
excellent,6
uploaded,6
capacitive,6
hotel,6
mwtb,6
brbr,6
yourself,6
yours,6
joe,6
script,6
train,6
credit,6
anybody,6
irrelevant,6
massively,6
dust,6
videographer,6
hilarious,6
digital,6
minimum,6
junk,6
website,6
possibly,6
field,6
avoid,6
appear,6
hall,6
kill,6
death,6
oppo,6
addition,6
neutral,6
cringe,6
twice,6
folk,6
youd,6
experiment,6
board,6
objective,6
cooking,6
uh,6
convenient,6
hrz,6
emperor,6
planet,6
living,6
australia,6
entertain,6
depth,6
pain,6
hrefuckszuwhgymbdvujgksifylzfolmakanydqaga,6
sum,6
raw,6
practical,6
airpod,6
whose,6
tailor,6
truth,6
horizontally,6
snapdragon,6
enhance,6
honesty,6
smarter,6
strategy,6
officially,6
meet,6
heating,6
identical,6
seven,5
perform,5
rd,5
chipset,5
palestine,5
pod,5
entertainment,5
imessage,5
compatible,5
chapter,5
grant,5
status,5
bixby,5
nonsense,5
richard,5
slim,5
brthey,5
red,5
classic,5
map,5
boom,5
specially,5
pretend,5
heck,5
concept,5
quotlets,5
itquot,5
legit,5
cult,5
blind,5
arrangement,5
re,5
affordable,5
closer,5
degree,5
accidental,5
balance,5
spacial,5
command,5
brthis,5
duty,5
informative,5
core,5
disgust,5
category,5
date,5
criticism,5
somewhat,5
clicked,5
cmon,5
poco,5
loose,5
durability,5
demand,5
whilst,5
head,5
deeper,5
inspire,5
sort,5
webquot,5
lag,5
potential,5
embarrass,5
whosetheboss,5
receive,5
metal,5
argue,5
gymnastics,5
mute,5
bend,5
nm,5
ajith,5
sake,5
practically,5
moto,5
announcement,5
proof,5
reply,5
raise,5
border,5
attention,5
instagram,5
obsessively,5
elon,5
remain,5
unnecessarily,5
fairest,5
slap,5
wash,5
quotnew,5
load,5
dad,5
whenever,5
platform,5
advertised,5
brbrim,5
lightning,5
european,5
cash,5
sign,5
congratulation,5
curve,5
aperture,5
sharp,5
among,5
bullshit,5
feedback,5
british,5
avp,5
attack,5
optical,5
everytime,5
file,5
editor,5
quotproquot,5
videography,5
strange,5
stable,5
tweak,5
bright,5
preference,5
angle,5
direction,5
helpful,5
accurate,5
apply,5
orientation,5
legendary,5
crowd,5
dial,5
goat,5
quotheres,5
five,5
socalled,5
deep,5
changer,5
shill,5
mile,5
german,5
suggest,5
nightmare,5
brbrthe,5
expectation,5
quotaction,5
hidden,5
sonys,5
operate,5
dear,5
accessibility,5
davis,5
mouth,5
designer,5
panel,5
additional,5
rush,5
dull,5
lackluster,5
sadly,5
protector,5
cellphone,5
afraid,5
proud,5
kevin,5
introduction,5
ten,5
mock,5
lt,5
shiny,5
worthwhile,5
filter,5
excuse,5
prime,5
offering,5
info,5
thrill,5
quotinnovationquot,5
nutshell,5
surround,5
hows,5
private,5
response,5
gotten,5
clark,5
upon,5
itd,5
doctor,5
sim,5
security,5
limited,5
basis,5
significantly,5
technological,5
knew,5
critical,5
opt,5
generally,5
brings,5
harvest,5
acceptable,5
surprise,5
delay,5
bionic,5
drone,4
mediocre,4
brbrthis,4
sun,4
alike,4
symbol,4
welp,4
disabled,4
wireless,4
road,4
speech,4
introduces,4
haptic,4
research,4
manipulate,4
transparent,4
miriads,4
stateofart,4
resist,4
glorify,4
expose,4
japan,4
city,4
describe,4
nowhere,4
alright,4
verticle,4
organ,4
risk,4
comfortable,4
hide,4
fight,4
uk,4
prove,4
substantial,4
killer,4
camara,4
fault,4
necessary,4
shareholder,4
aesthetic,4
wilson,4
jumped,4
pronounce,4
midnight,4
pill,4
midrange,4
rinse,4
john,4
technical,4
bla,4
perspective,4
vivo,4
activate,4
crore,4
buttonsquot,4
result,4
final,4
pepole,4
client,4
unbiased,4
hrtz,4
underwhelmed,4
inteligence,4
tab,4
protect,4
norm,4
congo,4
unbeatable,4
rly,4
improves,4
becomes,4
recognize,4
imma,4
reinvent,4
defeat,4
greed,4
portless,4
manufacture,4
rear,4
ironic,4
stack,4
mrwhostheboss,4
sync,4
shirt,4
enable,4
grip,4
coat,4
server,4
brbrand,4
natural,4
kfps,4
magnet,4
array,4
item,4
follower,4
quota,4
pop,4
unexpected,4
quotrevolutionaryquot,4
flavor,4
external,4
reference,4
audience,4
slab,4
brnot,4
shout,4
fck,4
sultra,4
food,4
usability,4
trick,4
approach,4
mirrorless,4
contract,4
fking,4
sooooo,4
rcs,4
cancel,4
capacity,4
plenty,4
burn,4
subscribed,4
groove,4
environment,4
pray,4
neither,4
atp,4
themquot,4
goodness,4
fusion,4
insult,4
deliberately,4
everyones,4
thinnest,4
compromise,4
quotrevolutionary,4
takeaway,4
efficient,4
thick,4
thus,4
egg,4
eco,4
state,4
expression,4
secure,4
snap,4
arm,4
consistently,4
viewer,4
criticise,4
brwhat,4
complains,4
advertise,4
wth,4
mail,4
pair,4
jeez,4
iphonequot,4
lefthanded,4
htc,4
breath,4
frog,4
silly,4
center,4
pure,4
creation,4
table,4
cm,4
kiss,4
macbooks,4
fashion,4
quotiphone,4
texting,4
cater,4
ipads,4
mature,4
jony,4
interact,4
advice,4
blame,4
brbrapple,4
dumbest,4
propro,4
performs,4
water,4
rocker,4
annual,4
musk,4
develop,4
lover,4
pinnacle,4
finish,4
tend,4
dedication,4
trigger,4
stole,4
ultras,4
hang,4
marquee,4
throughout,4
zombie,4
shatter,4
preview,4
ma,4
suggestion,4
headsup,4
glorious,4
involve,4
layer,4
manufacturing,4
gamers,4
purple,4
wire,4
overlap,4
diabolical,4
willing,4
af,4
somewhere,4
wrap,4
practice,4
spent,4
fluff,4
argument,4
intresting,4
attempt,4
weight,4
casuals,4
particularly,4
constantly,4
site,4
ton,4
refuse,4
vibe,4
pixle,4
hrefhttpswwwyoutubecomwatchvphkjcamptabr,4
focal,4
vr,4
brighter,4
drain,4
engineering,4
woke,4
regret,4
equivalent,4
distance,4
carter,4
thr,4
brjust,4
driver,4
quotoh,4
partner,4
opposite,4
creativity,4
conference,4
quotwe,4
idc,4
shoutout,4
convenience,4
native,4
par,4
plain,4
edgequot,4
homework,4
wuthering,4
protectionquot,4
quotmilitary,4
wall,4
cable,4
ie,4
da,4
mic,4
production,4
anywhere,4
bash,4
bros,4
maintain,4
cell,4
infinix,4
hrefuckszuwhgymbdvujgbifyzokivknap_iaaya,4
remind,4
wed,4
worried,4
advancement,4
suddenly,4
math,4
lg,4
subject,4
thier,4
fk,4
robbery,4
rockbottom,4
squeeze,4
poorly,4
invention,4
maxbr,4
_,4
program,4
impossible,4
prbly,4
quotupgradesquot,3
luxury,3
desire,3
length,3
interface,3
tht,3
lefty,3
brhow,3
flash,3
building,3
ugliest,3
geek,3
lidar,3
brafter,3
repent,3
twitter,3
brsamsung,3
wich,3
usp,3
sss,3
theoretically,3
dislike,3
steam,3
oppose,3
summarise,3
warren,3
location,3
mehh,3
plateau,3
yup,3
unreal,3
mix,3
theyd,3
conventional,3
antenna,3
challenge,3
scenario,3
leader,3
treat,3
gather,3
communication,3
remains,3
tesla,3
ease,3
iconic,3
plot,3
giveaway,3
nevermind,3
mah,3
animal,3
mf,3
cap,3
warrant,3
structure,3
aim,3
equal,3
kudos,3
brin,3
essentially,3
typed,3
supposedly,3
nut,3
usa,3
arrives,3
competitive,3
quotall,3
icon,3
icamera,3
sh,3
render,3
bryou,3
narrow,3
heavily,3
brbro,3
sacrifice,3
engage,3
disturb,3
sin,3
snapchat,3
crash,3
poo,3
subtle,3
mixed,3
superior,3
mkb,3
travel,3
club,3
dare,3
inconvenient,3
gg,3
explanation,3
peaked,3
gonzalez,3
maximum,3
footage,3
aron,3
ball,3
openai,3
celebrate,3
flavour,3
himself,3
favourite,3
brbrandroid,3
baby,3
eagerly,3
exhaust,3
fav,3
yh,3
plz,3
apro,3
torch,3
fairly,3
brsame,3
vast,3
exclusively,3
tier,3
watchin,3
intend,3
iam,3
hologram,3
summarize,3
pura,3
mi,3
dessert,3
ahhhh,3
handy,3
trickle,3
unusable,3
crappy,3
sigma,3
dictate,3
context,3
multi,3
satellite,3
megapixel,3
whistle,3
demographic,3
bell,3
radio,3
deja,3
common,3
plane,3
reserve,3
edition,3
purely,3
tryna,3
generic,3
brbrso,3
vu,3
brbrwhat,3
brcamera,3
bold,3
hence,3
buddy,3
admire,3
touchbar,3
closely,3
compete,3
shade,3
connect,3
sweat,3
con,3
protective,3
analyze,3
quotit,3
surface,3
tear,3
source,3
compact,3
worthless,3
visible,3
failure,3
etcbr,3
outrageous,3
tldr,3
brbrits,3
newly,3
commercial,3
matthew,3
witness,3
nooo,3
demo,3
regulation,3
collect,3
botton,3
desperate,3
spin,3
overtaken,3
ofc,3
benchmark,3
statement,3
layton,3
aussie,3
corporate,3
differently,3
dang,3
resource,3
loser,3
aware,3
palm,3
ui,3
discuss,3
desktop,3
wifi,3
stun,3
breaker,3
score,3
vibration,3
confirm,3
urgent,3
inr,3
christmas,3
smell,3
method,3
accent,3
highlight,3
fstop,3
iterative,3
unchanged,3
thrown,3
rectangular,3
werent,3
torn,3
skeptical,3
group,3
gap,3
various,3
debate,3
wether,3
overkill,3
race,3
block,3
glare,3
concerned,3
successful,3
population,3
marquess,3
tie,3
hike,3
don,3
theirs,3
featuresquot,3
breed,3
peasant,3
ice,3
ar,3
dirty,3
environmental,3
hdr,3
stream,3
aka,3
watt,3
blar,3
sister,3
iv,3
badly,3
silence,3
tax,3
tougher,3
ceo,3
stress,3
mar,3
dam,3
awkward,3
pressure,3
fails,3
ericsson,3
facetime,3
nose,3
drastically,3
unbelievable,3
strength,3
xsmax,3
stayed,3
pin,3
backward,3
emphasis,3
monopoly,3
polished,3
usable,3
tip,3
ima,3
onoff,3
spoke,3
thousand,3
wen,3
salary,3
lossless,3
huaweis,3
bag,3
sheet,3
cheat,3
phablet,3
consideration,3
propose,3
quotbest,3
integration,3
muscle,3
accord,3
proudly,3
manager,3
abt,3
lit,3
frisbee,3
parent,3
brbrdid,3
calm,3
discover,3
dual,3
trackpad,3
flower,3
hunt,3
rely,3
brhuawei,3
efficiency,3
mask,3
hire,3
critique,3
meter,3
yearoveryear,3
boi,3
ye,3
islandquot,3
banner,3
cyber,3
disappear,3
project,3
amazon,3
wa,3
generate,3
reliable,3
stretch,3
notify,3
brown,3
internal,3
bullet,3
gathering,3
motto,3
everywhere,3
accident,3
teach,3
vacation,3
degrade,3
greeting,3
packed,3
incentive,3
teacher,3
incorporate,3
buyer,3
robot,3
public,3
automatic,3
study,3
innovates,3
attend,3
national,3
insta,3
house,3
reminder,3
complete,3
stagnate,3
implementation,3
doo,3
fomo,3
abuse,3
orient,3
student,3
loud,3
detailed,3
accustom,3
helen,3
overhaul,3
obsession,3
rainbow,3
breakthrough,3
curse,3
won,3
untill,3
fortnite,3
progress,3
absurd,3
imitation,3
clue,3
upload,3
mics,3
unsure,3
adjustment,3
solve,3
ruin,3
exam,3
higashihiroshima,3
mindblowing,3
reduces,3
procedure,3
patiently,3
slip,3
exhibition,3
predecessor,3
playback,3
host,3
july,3
prefecture,3
hiroshima,3
art,3
shameful,3
photosvideos,3
management,3
diffrent,3
spell,3
litterly,3
phase,3
banger,3
fam,3
jones,3
prob,3
buzz,3
morning,3
minority,3
trillion,3
brso,3
brim,3
corporation,3
spoil,3
scheme,3
stagnant,3
disrespectful,3
gullible,3
whereas,3
slave,3
drag,3
financial,3
everquot,3
particular,3
department,3
moon,3
prediction,3
brmy,3
hiii,3
gadget,3
scary,3
outro,3
sensible,3
paper,3
goo,3
passion,3
radical,3
presenter,3
deserves,3
participate,3
sigh,3
son,3
delete,3
promising,3
industrial,3
summer,2
ffs,2
ugh,2
breach,2
ordinary,2
stair,2
butt,2
gram,2
wooooww,2
adoption,2
publisher,2
nicakado,2
prevention,2
scrap,2
consequence,2
overheats,2
boxy,2
walmart,2
severe,2
pd,2
roundabout,2
fella,2
abysmal,2
pillar,2
goal,2
route,2
downhill,2
pre,2
delivery,2
bill,2
george,2
hernandez,2
beast,2
awful,2
safety,2
logic,2
upto,2
insanely,2
depressed,2
wallet,2
positive,2
ta,2
vibrant,2
khz,2
ect,2
changingquot,2
turd,2
ergonomically,2
hehe,2
superiority,2
goddamn,2
eclipse,2
scandal,2
myopia,2
brme,2
diff,2
github,2
terrorism,2
dilation,2
ddos,2
xx,2
puzzle,2
blurry,2
gripe,2
badds,2
hui,2
camerabr,2
glove,2
api,2
brthat,2
hrefhttpsamzntoczlsnhhttpsamzntoczlsnha,2
killswitch,2
customizable,2
await,2
shite,2
respond,2
nich,2
prone,2
assist,2
albeit,2
proffesions,2
application,2
longevity,2
clickbait,2
dot,2
tamil,2
office,2
spen,2
modify,2
mit,2
illegal,2
morequotbrbrapple,2
coincidence,2
inquire,2
employ,2
tilt,2
betterbr,2
toward,2
shittiest,2
spark,2
replaceable,2
bralso,2
mother,2
trail,2
clarity,2
threat,2
quotdear,2
pi,2
quote,2
discount,2
goodmorning,2
journalist,2
sam,2
ammount,2
sheer,2
whinge,2
scammer,2
burga,2
dayum,2
stalk,2
heart,2
rick,2
reuse,2
phonequot,2
drastic,2
reconsider,2
predict,2
probr,2
express,2
colorful,2
tester,2
shake,2
initial,2
regurgitate,2
motivate,2
tough,2
telephone,2
compelling,2
spew,2
valuable,2
pokmon,2
pokdex,2
unhappy,2
quotugh,2
bulky,2
visit,2
nothin,2
convence,2
character,2
backside,2
huwawei,2
cough,2
applehead,2
fluent,2
hassle,2
korea,2
promo,2
janky,2
uselss,2
eg,2
yaay,2
brbryou,2
serve,2
sight,2
south,2
ish,2
brtry,2
mega,2
sane,2
sooo,2
pokedex,2
brbrnow,2
nt,2
ruth,2
vaccine,2
screw,2
blast,2
theory,2
showcase,2
gm,2
toss,2
facelift,2
ey,2
schedule,2
pun,2
starter,2
radically,2
ist,2
uw,2
summery,2
remembers,2
module,2
comprehend,2
intel,2
void,2
birthday,2
elaborate,2
aeroplane,2
radar,2
stingy,2
valid,2
worshiper,2
affected,2
finland,2
connector,2
unwanted,2
shamefull,2
theme,2
novel,2
laser,2
rent,2
bush,2
transform,2
ghost,2
ipod,2
kodak,2
government,2
xperias,2
quotfeaturesquot,2
milk,2
yikes,2
fellow,2
picked,2
tha,2
abit,2
decline,2
tank,2
clumsy,2
dy,2
appstore,2
somebody,2
honey,2
trap,2
sideways,2
whoop,2
imho,2
screenshot,2
apna,2
college,2
trouble,2
brbrfor,2
discourage,2
embed,2
keypad,2
proceed,2
freedom,2
asus,2
pencil,2
punishment,2
hill,2
delivers,2
menu,2
retro,2
girlie,2
masculine,2
slogan,2
proofread,2
kit,2
offense,2
nokiablackberry,2
miller,2
sustainable,2
rodriguez,2
brbrwhen,2
shirley,2
offset,2
cinematography,2
emission,2
rise,2
upgradequot,2
society,2
designate,2
bridge,2
phome,2
und,2
therefore,2
phonek,2
globally,2
mk,2
funniest,2
reputation,2
laughable,2
glazer,2
commitment,2
sue,2
throttle,2
filmmaker,2
na,2
andor,2
justice,2
programmed,2
macos,2
achieve,2
cake,2
observe,2
clarification,2
amateaur,2
scamming,2
upside,2
education,2
preorders,2
amoled,2
greedy,2
aod,2
modem,2
outdate,2
nuclear,2
relatively,2
rob,2
brstill,2
copycap,2
transfer,2
hella,2
beautifully,2
dem,2
nexus,2
inc,2
smoothly,2
plasticky,2
ong,2
probs,2
agrees,2
mequot,2
spoiler,2
brisnt,2
quotwho,2
tripple,2
boooooring,2
cancellation,2
ensure,2
nerd,2
beneficial,2
instance,2
strongly,2
additionally,2
utilized,2
screentobody,2
thx,2
finicky,2
related,2
duel,2
broo,2
redundant,2
recording,2
bezeless,2
warn,2
label,2
forwardquot,2
teardown,2
correctly,2
michelle,2
simplicity,2
thy,2
dunno,2
lve,2
entry,2
quotaiquot,2
mrwhoistheboss,2
dorothy,2
advise,2
garden,2
drool,2
subsribers,2
stubborn,2
onequot,2
oooh,2
quotwait,2
facepalm,2
toquot,2
accessory,2
overheat,2
hypocritical,2
manner,2
grammar,2
facebook,2
giga,2
versus,2
yearsquot,2
grammarly,2
pul,2
bang,2
unlock,2
nintendo,2
comfortably,2
quotdynamic,2
loss,2
tecno,2
gatekeeping,2
saturate,2
aaa,2
slows,2
laziness,2
irritate,2
trifolding,2
checked,2
cooler,2
marine,2
crop,2
abandon,2
bum,2
banana,2
catering,2
self,2
bankrupt,2
enter,2
warranty,2
newquot,2
quotupgrade,2
formal,2
careful,2
asf,2
marquez,2
aww,2
rectangle,2
friendsfamily,2
proceeds,2
irony,2
specification,2
easter,2
legend,2
thes,2
prompt,2
uninterested,2
occur,2
foot,2
disaster,2
dip,2
ccps,2
abruptly,2
brbrill,2
diet,2
union,2
boomer,2
ripped,2
brainer,2
brpeople,2
execited,2
quotsquot,2
hy,2
yk,2
flew,2
gunpoint,2
bully,2
fuel,2
grateful,2
amazingly,2
drawn,2
master,2
shall,2
subjective,2
glaze,2
deny,2
scold,2
fruity,2
spade,2
typec,2
destroy,2
periscope,2
quotprofessionalsquot,2
intelegence,2
holequot,2
eternal,2
indirectly,2
mrwhoosetheboss,2
brbrmy,2
overnight,2
jimmy,2
logical,2
betterquot,2
exploit,2
cinematographer,2
aw,2
um,2
fear,2
justification,2
proquot,2
temperature,2
subcribers,2
ride,2
demonstrate,2
sneak,2
thatbri,2
necessity,2
pwm,2
identity,2
skin,2
meaningless,2
aesthetically,2
baseline,2
cute,2
spare,2
aroll,2
ka,2
staff,2
pricy,2
oo,2
cynical,2
thatll,2
upped,2
envy,2
evil,2
safari,2
beg,2
bonus,2
excites,2
ergonomic,2
dat,2
uu,2
ripoff,2
bullsht,2
loop,2
flop,2
decides,2
hd,2
remark,2
immediately,2
git,2
hundred,2
brwho,2
bead,2
snoozefest,2
signal,2
permanently,2
thicker,2
pump,2
insulin,2
mislead,2
headset,2
touchscreen,2
tat,2
fuk,2
realistically,2
brbrthese,2
zombi,2
phonebri,2
awhile,2
yoooo,2
noone,2
majorly,2
elderly,2
yearquot,2
milked,2
thingy,2
bop,2
park,2
destroyed,2
harm,2
tease,2
insider,2
foldables,2
plastic,2
ot,2
gimmee,2
nittygritty,2
warhammer,2
clyde,2
brarun,2
yearold,2
instal,2
boooring,2
assembly,2
egregious,2
recap,2
ex,2
lovely,2
discord,2
wach,2
chop,2
comeback,2
quotintelligencequot,2
milo,2
brwith,2
samesame,2
toughest,2
quotnot,2
hrefhttpsamzntoxeqxowhttpsamzntoxeqxowabrshop,2
hybrid,2
brshop,2
goodnight,2
enjoyand,2
lolbrlooong,2
woot,2
talent,2
hrefhttpsamzntotmigojhttpsamzntotmigojabrshop,2
lightly,2
allbut,2
harris,2
sequence,2
gday,2
lifetime,2
shaw,2
brbriphone,2
phd,2
cannon,2
nostalgia,2
blowing,2
advertisement,2
courage,2
popular,2
recharge,2
bull,2
tysm,2
stil,2
ipone,2
book,2
mere,2
fraction,2
span,2
cheese,2
creates,2
played,2
dig,2
isheeps,2
downright,2
recommendation,2
camp,2
kick,2
poster,2
smoking,2
assure,2
stats,2
userbase,2
brbreveryone,2
brbrbrmy,2
mapped,2
toggle,2
brbrsamsung,2
yt,2
nh,2
reintroduce,2
quotcutting,2
thru,2
cow,2
chassis,2
workload,2
represent,2
realistic,2
htz,2
showcasing,2
cuttingedge,2
catchup,2
dominate,2
boasting,2
breven,2
andriods,2
dump,2
museum,2
pattern,2
request,2
biphone,2
humble,2
tsk,2
ha,2
panoramic,2
exception,2
console,2
medical,2
network,2
representative,2
rocket,2
overtake,2
portion,2
rapidly,2
videographers,2
monitoring,2
cent,2
brbroh,2
brainless,2
adult,2
bless,2
freak,2
arebrcommenting,2
ate,2
yeh,2
lesser,2
crook,2
snappy,2
versa,2
vice,2
iphon,2
lemme,2
gopro,2
determine,2
au,2
pace,2
hzbr,2
girl,2
lowlight,2
dinosaur,2
silicone,2
hrefuckszuwhgymbdvujgamfy_peiknropagaa,2
hrefuckszuwhgymbdvujgsifyvigzalulydqdqa,2
karen,2
speaks,2
xray,2
quoti,2
dish,2
fork,2
beaten,2
carol,2
lopez,2
familiar,2
veiws,2
pleased,2
marginally,2
otterbox,2
til,2
ifixit,2
hiding,2
aproach,2
extreme,2
gear,2
hamster,2
potentially,2
fcking,2
influence,2
active,2
lighter,2
susan,2
hrefuckszuwhgymbdvujgsifyvigzalulydqdqaa,2
jackson,2
drove,2
insert,2
rat,2
linus,2
colorway,2
armor,2
disable,2
thomas,2
cup,2
fiddle,2
bloody,2
fed,2
eyyy,2
chipsets,2
brbrthey,2
quotquot,2
fifa,2
sharon,2
donald,2
door,2
laggy,2
confident,2
obsolete,2
doest,2
ea,2
simplistic,2
disk,2
align,2
symmetrical,2
casually,2
brbrwhy,2
sends,2
enthusiasm,2
pack,2
intentional,2
weigh,2
gay,2
definition,2
surprising,2
brif,2
solely,2
usless,2
wallpaper,2
brcome,2
prize,2
smudge,2
clip,2
previously,2
mouse,2
camer,2
archaic,2
gigantic,2
undoubtedly,2
quotwhat,2
intellectual,2
reimagined,2
rotten,2
pubg,2
adequate,2
brbecause,2
fe,2
scan,2
brsony,2
hindi,2
adaptive,2
someday,2
ancient,2
alert,2
gorgeous,2
italy,2
ideal,2
expand,2
incredibly,2
quotyou,2
chain,2
brbrif,2
sucker,2
frankly,2
eh,2
split,2
quotthese,2
consume,2
spread,2
bezzles,2
gosh,2
manages,2
economics,2
brive,2
attractive,2
brlike,2
bloat,2
unlocked,2
universe,2
yearbrthe,2
chair,2
secret,2
shipping,2
sentiment,2
uhh,2
thirdparty,2
weaker,2
success,2
idiotic,2
inspiration,2
trailer,2
outperform,2
anticipate,2
plug,2
cod,2
de,2
lean,2
int,2
workshop,2
meeting,2
unpopular,2
soul,2
mighty,2
experienced,2
buttonsbr,2
paint,2
annoyance,2
dodgy,2
qualcomm,2
buzzword,2
novelty,2
banter,2
nonsence,2
annoyed,2
thanx,2
american,2
heh,2
assemble,2
resolve,2
panic,2
baseless,2
tile,2
quotno,2
fantastic,2
realme,2
compensate,2
inovation,2
crush,2
brthats,2
q,2
seller,2
quotthey,2
segment,2
bezzels,2
brbrbut,2
overcomplicated,2
antireflective,2
airplane,2
champion,2
christ,2
shitt,2
remarkable,2
designwise,2
existence,2
cameraquot,2
applewatch,2
maneuver,2
hrefhttpswwwyoutubecomwatchvphkjca,2
wuwa,2
screenshots,2
interaction,2
quothow,2
streamline,2
glitch,2
dinner,2
breakfast,2
eats,2
genshin,2
lay,2
gtgtgt,2
guarantee,2
besels,2
suspect,2
bprob,2
fill,2
landfill,2
register,2
arrive,2
electric,2
behaviour,2
accountable,2
skate,2
daughter,2
sport,2
experimental,2
johnson,2
wine,2
co,2
nowdays,2
anroid,2
blud,2
accidentely,2
generational,2
exchange,2
discontinue,2
waterproof,2
wayy,2
celebrity,2
subsbrapple,2
cleanup,2
naturally,2
timing,2
magicquot,2
utter,2
aiphone,2
astrophotography,2
concentrate,2
atari,2
eliminate,2
coz,2
ringer,2
pen,2
somthing,2
scream,2
bounce,2
designquot,2
andriod,2
connection,2
insect,2
object,2
react,2
cookquot,2
copypaste,2
twenty,2
climber,2
sneaky,2
ben,2
smoother,2
spam,2
applebrif,2
philippine,2
narcissist,2
mainstream,2
phonebr,2
buffet,2
statistic,2
sapphire,2
hardness,2
extract,2
freebie,2
brbrgoogle,2
hiiiiiiiiiiii,1
vudeo,1
gon,1
rllyy,1
herebrneed,1
crazzzyyy,1
freekin,1
po,1
pa,1
reveals,1
fifth,1
ayoooo,1
firstdammit,1
yeahhhhhh,1
whoa,1
wowee,1
followersbrbrsub,1
grandmother,1
yearbrbrbrbrbrbrnon,1
mustve,1
tomoro,1
brcollege,1
kindq,1
butbingnore,1
monety,1
contral,1
qualityi,1
earlyyyyyyyyyyyyyyyyyyyyyyyyyyyyyyyyyyyyyyyyyyyyyyyyyyyy,1
letdog,1
turnoff,1
awake,1
squad,1
merely,1
quotupdatequot,1
compere,1
berry,1
mbryours,1
mbrmkbhd,1
bulshit,1
yum,1
handmedown,1
tricklefeed,1
yearslate,1
yearsbrbr,1
activation,1
hawk,1
clocked,1
quotupgradequot,1
gown,1
yaaaaaaay,1
afterward,1
toothat,1
pp,1
embargo,1
portable,1
heater,1
quotsiriquot,1
peh,1
twoinone,1
dopamine,1
simplify,1
gru,1
tonight,1
deceive,1
bronze,1
enuf,1
arrun,1
subbed,1
superstar,1
cmnts,1
intensity,1
allem,1
phonesbrmewatchin,1
verge,1
minecraft,1
ambrbrthe,1
arron,1
grape,1
lov,1
hmm,1
samsungi,1
claimed,1
brbroverrated,1
robbed,1
broad,1
daylightapple,1
websiri,1
overlook,1
erst,1
nchstes,1
jahr,1
kommen,1
traurig,1
phonesettings,1
isamsung,1
iphoneibrbriapple,1
brsamsang,1
ltbgtadds,1
buttonsltbgt,1
soonish,1
sharpen,1
vomit,1
sticker,1
wird,1
heaven,1
islandbrbye,1
grandpa,1
outer,1
yappington,1
yappers,1
phonebrright,1
amazingbrim,1
pixelquot,1
evenbdid,1
probablu,1
knowbif,1
yoid,1
anotouher,1
belowquotbrtablet,1
abovequot,1
shi,1
personnel,1
assistance,1
friendbrwith,1
humanlike,1
moodsbrthat,1
indistinguable,1
quotday,1
jobsb,1
overpower,1
headache,1
soup,1
lilly,1
speically,1
scifi,1
expanse,1
hah,1
enufff,1
soflew,1
designbrhuawei,1
halfway,1
relate,1
sent,1
bsteve,1
forest,1
necessarybrwhen,1
oreientation,1
liftbrautofocus,1
focusses,1
jpg,1
proraw,1
proyou,1
sima,1
viddeos,1
brmany,1
select,1
humansbrthat,1
weeksbrthat,1
legal,1
stuffbrbrmaybe,1
iphonemini,1
zen,1
progression,1
googleyears,1
kanye,1
west,1
loe,1
andd,1
brbrtyping,1
revolutionarybrbr,1
backbrbr,1
againbrbr,1
probrbrand,1
quotfor,1
kidbrgoogle,1
timothy,1
quiet,1
weddingsbri,1
japonton,1
robando,1
cmara,1
bonkers,1
barbara,1
david,1
differentquotbrbrthis,1
bare,1
brmyself,1
paperclip,1
tacky,1
differencekind,1
unfair,1
maxed,1
designersquot,1
truely,1
avocado,1
brbrgood,1
quadrillion,1
calculation,1
cold,1
winter,1
strengthen,1
revilution,1
wowwwwwwwwwww,1
lifelol,1
crapy,1
quotconsidering,1
impressivequot,1
cookquotbrquotthe,1
preordered,1
stem,1
scrub,1
chipzzzzzzzzzzzzzzzzzzsbrbrpeople,1
newbrbrturning,1
iphoneapple,1
flame,1
exercise,1
buttonbrbr,1
brbrbrthanks,1
hahahahahh,1
inovations,1
literary,1
jelly,1
blazer,1
vehicle,1
thenbrbrairpods,1
horrendousbrbrthe,1
aspected,1
xbrbrthe,1
okbrbrthe,1
jenmoji,1
usefuk,1
understands,1
unsubscribing,1
vibrates,1
brcant,1
quirk,1
prolong,1
orientedbrbrthe,1
pricier,1
anc,1
pointbri,1
whisper,1
quotvertical,1
sksquot,1
vvs,1
syndrom,1
twin,1
onquotimprovementsquot,1
wahren,1
knigin,1
interestingbrbri,1
notable,1
surpasses,1
refinement,1
contribute,1
bakwas,1
eleganten,1
charme,1
trgt,1
sich,1
der,1
anmut,1
stolz,1
einer,1
casebrand,1
recovery,1
brbrquotiphone,1
quotbrbrapple,1
yeears,1
sie,1
strahlt,1
einen,1
soc,1
iphonesbrgoogle,1
ufs,1
socbrbrandroid,1
behindbrbrapple,1
multiuse,1
probrbrandroid,1
hzbrbtw,1
iswill,1
reign,1
evidently,1
hardcore,1
increment,1
obnoxious,1
overwhelm,1
identically,1
repassed,1
prematurely,1
reaaalllyyyy,1
lurk,1
ocean,1
batterybruser,1
bigbrapple,1
xqc,1
anderson,1
melissa,1
easierbrbrpete,1
buttonbrbrhuawei,1
holographic,1
shamelessly,1
sharply,1
gate,1
ummm,1
slimmest,1
screentobodyratio,1
divide,1
brdid,1
preinstalled,1
evacuation,1
controlbrbrsamsung,1
conduct,1
thorough,1
extend,1
simulate,1
realworld,1
condition,1
approximately,1
innovationbrvivo,1
extensive,1
numerous,1
manifest,1
routine,1
firsttime,1
necessitate,1
normalbrbrin,1
address,1
ltpo,1
weld,1
helmet,1
xe,1
hahahahahahahahahaha,1
fee,1
colorbrinnovation,1
ltpobrbr,1
cliff,1
brbrbrbri,1
ridiculously,1
netherlands,1
anyhow,1
novase,1
burger,1
deteriorate,1
monoton,1
xxsmax,1
uptade,1
mechanic,1
covering,1
evaluation,1
comprehensive,1
kihn,1
thenwellget,1
ahhh,1
buttonsooo,1
brtill,1
smith,1
angela,1
maria,1
entice,1
telephotobrbrapple,1
ours,1
quallity,1
quantity,1
lockscreen,1
applebrand,1
bitching,1
overwhelmed,1
poiint,1
capassitive,1
znfone,1
slomo,1
fhd,1
campusoffices,1
friggin,1
piddly,1
brbrlast,1
brbrmost,1
commetns,1
individual,1
disclosure,1
filmaker,1
knowlege,1
bracket,1
dims,1
boundary,1
brbronce,1
brbronly,1
asap,1
yashika,1
serching,1
happiness,1
quotget,1
screenquot,1
portugal,1
mindlessly,1
majestically,1
bwa,1
oneb,1
buttonnokia,1
breakquot,1
hrefhttpswwwyoutubecomwatchvphkjcamptabrbri,1
quotis,1
reasonquot,1
objectively,1
animate,1
seal,1
clap,1
nighttime,1
brbrit,1
gas,1
ons,1
footprint,1
fibre,1
shii,1
quotim,1
trillionaire,1
batty,1
yearfed,1
batterycameraschipscreen,1
bace,1
yetbr,1
brbrpeople,1
bluetooth,1
nonupgrades,1
usersnot,1
definatly,1
desensitise,1
spoilt,1
whiner,1
redid,1
milti,1
asz,1
querty,1
modelsbrthats,1
easytoopen,1
contact,1
besta,1
hrefuckszuwhgymbdvujghandsyellowheartreda,1
writes,1
boldly,1
alongside,1
siribrbroverall,1
watchbrbrsorry,1
typo,1
fcuking,1
fesr,1
propropro,1
bcoz,1
ehh,1
razor,1
smash,1
aswell,1
rebrand,1
displayokay,1
bankruptcy,1
quotlike,1
appreciatedquot,1
brplus,1
cammmes,1
suscribers,1
whaching,1
spanish,1
french,1
exklusiv,1
rog,1
tobrbrsamsung,1
orand,1
brbranother,1
betagithub,1
apks,1
workaround,1
hrefuckszuwhgymbdvujgksifylzfolmakanydqagaa,1
aganist,1
envision,1
morewell,1
airobots,1
flood,1
workingbrbrwhat,1
warframe,1
astonish,1
goldish,1
loot,1
coverrrrrr,1
greeeen,1
whiteeeee,1
screeennnn,1
revamp,1
sprinkle,1
brbrtell,1
seamlessly,1
imx,1
prep,1
automation,1
wider,1
microsd,1
intressting,1
quotundergroundquot,1
breake,1
brbrthanks,1
brquotwe,1
diffrentquot,1
edward,1
paul,1
heeeeyy,1
grown,1
chart,1
adfree,1
allbrbr,1
picturesvideos,1
updown,1
quotbuttonquot,1
gnbr,1
dry,1
fade,1
developed,1
agoand,1
rme,1
brothering,1
msg,1
ipa,1
responds,1
sole,1
incentivizing,1
ungrateful,1
applefy,1
eeeeyikes,1
ela,1
deferent,1
horse,1
sluggish,1
tand,1
definite,1
customizeable,1
funtion,1
circus,1
impressionsbrmkbhd,1
separationbrmrwhosetheboss,1
subbiesbrmkbhd,1
subbies,1
channelnon,1
analysisthanks,1
phenomenal,1
betteriykyk,1
shaft,1
brbcuz,1
briphones,1
quotcamerasquot,1
uspbrill,1
novadays,1
quotinventingquot,1
lifei,1
gary,1
meeeh,1
quotthere,1
bryeah,1
youth,1
masterful,1
inferior,1
golf,1
bnahhhh,1
lewis,1
taylor,1
williams,1
analysis,1
disloyal,1
supply,1
mea,1
devolop,1
alowing,1
executive,1
banking,1
loyalty,1
betterbra,1
hardwarebrthis,1
uptodate,1
uncanny,1
probrbrtesla,1
craphigher,1
pricescommon,1
applethis,1
neat,1
buttonbrbrplus,1
bianual,1
att,1
deployment,1
nonsensical,1
mu,1
exceed,1
hrefhttpswwwyoutubecomwatchvphkjcamptabrthe,1
trashhhhhh,1
elsewhere,1
havin,1
doesbut,1
beleive,1
snub,1
ppm,1
ppi,1
outdoor,1
kindly,1
ahi,1
brbrgenerally,1
parallel,1
predecessorsbrbralso,1
posh,1
england,1
quotfasterquot,1
northerner,1
layput,1
clueless,1
fidget,1
spinner,1
levitate,1
bslapb,1
gush,1
eventbrapple,1
dum,1
itbrbrbruh,1
somethign,1
diffre,1
toook,1
generatiosn,1
eve,1
thepro,1
discreet,1
gpus,1
guysbrbredit,1
wayyyyy,1
snippet,1
hubble,1
variety,1
mimmicking,1
berate,1
reclaim,1
bcus,1
garbade,1
micro,1
clamp,1
tripod,1
sits,1
jealous,1
reflection,1
subsequent,1
opctical,1
sanction,1
productquot,1
furious,1
baro,1
aibrbrme,1
improvemenr,1
shorcut,1
donequotbrbrsums,1
colorso,1
timesi,1
benifit,1
quotseven,1
dress,1
languagebrreader,1
summarises,1
bandwidth,1
compute,1
queue,1
footstep,1
brbrwow,1
amuse,1
probrbras,1
polite,1
aggression,1
ofbrwriter,1
composes,1
phrasing,1
boil,1
gsm,1
arena,1
thingbrbrbetter,1
camerabrbetter,1
durabiltybrbetter,1
batterybrbetter,1
somethingbrbrbrits,1
mebrbri,1
revolutionize,1
brbrtypical,1
filler,1
march,1
slightest,1
fanatic,1
shamble,1
journey,1
bizarre,1
cramped,1
revenge,1
exynos,1
customization,1
sinse,1
hander,1
accessible,1
wind,1
tunnel,1
optimum,1
disapointed,1
cobalt,1
labor,1
samephone,1
campaign,1
furtherbrbrwhy,1
continued,1
linup,1
interpretation,1
gamecube,1
intelligenceif,1
nowso,1
dnt,1
buffett,1
yeahhhhhhhhhhhhhhhhhhhhhhhhhh,1
dummy,1
newlol,1
sensorshift,1
compatibilitybrbrthe,1
ano,1
allowance,1
usbcand,1
weekbrbrnow,1
canada,1
quotlaggyquot,1
kbrgbbrhzbr,1
decipher,1
idevice,1
idevices,1
widenormaltele,1
multitasking,1
oi,1
pigment,1
doesntbrmake,1
splain,1
brane,1
chargeoledusbc,1
saidquot,1
configuration,1
borrow,1
fasterby,1
dtronger,1
straw,1
ivy,1
onebrselfie,1
stylidh,1
imprisonment,1
whete,1
oro,1
quotgreat,1
eerie,1
hrefhttpswwwyoutubecomwatchvphkjcamptabrme,1
quotthats,1
meaningful,1
newbrbrapple,1
snobiest,1
videosimpressions,1
principle,1
vanishes,1
rare,1
besotted,1
cushy,1
whobrown,1
impressively,1
isbrthat,1
buttonbra,1
quotturning,1
momentquot,1
waffle,1
quotkind,1
samebrbrgood,1
goona,1
seek,1
lord,1
recomend,1
ulra,1
imparbargoes,1
gettin,1
econ,1
brwould,1
myth,1
branyway,1
nowbrnobody,1
ipohne,1
hatampboots,1
goot,1
groot,1
brmuch,1
quotdo,1
consideran,1
androidb,1
phuck,1
bripho,1
abbreviation,1
chatbot,1
geminibrits,1
disgrace,1
tbha,1
hrefuckszuwhgymbdvujguvgfy_vqetspvqiakaua,1
buttonsbriphone,1
idsbriphone,1
hears,1
corrects,1
begining,1
biggerbrat,1
modelsbrand,1
saaaaaame,1
desperately,1
appropriate,1
hollywood,1
historyits,1
refreshingly,1
waybrbri,1
millennials,1
quotsince,1
neutrality,1
bury,1
companyquot,1
advantagen,1
ignorance,1
quotexclusivequot,1
teeny,1
quotgardenquot,1
ole,1
men,1
snarky,1
cynicism,1
unwatchable,1
ltt,1
recieving,1
minus,1
fingerprintfaceidfast,1
quotdaylight,1
comical,1
brshooting,1
photovideo,1
cinema,1
brthen,1
panelsbrmake,1
rough,1
cheer,1
appleand,1
banklmao,1
psstill,1
dockso,1
mot,1
detection,1
sidemounted,1
brsometimes,1
franc,1
al,1
petition,1
wecan,1
powerbutton,1
wetin,1
dumber,1
wallah,1
allure,1
proultra,1
sidewhere,1
handers,1
sequoia,1
dev,1
looong,1
swiss,1
hrefuckszuwhgymbdvujgxsifyoqcdtspiasawa,1
brooooo,1
functionalbrmore,1
commando,1
quotto,1
releatable,1
amazingbut,1
iphonee,1
tiredbut,1
jeffrey,1
brenda,1
scroller,1
income,1
microprocessor,1
learningi,1
anythingbrnobody,1
usefulbrthe,1
brarron,1
agency,1
skyrocket,1
brai,1
availablebrbigger,1
backbrfaster,1
hellbrbrone,1
ithe,1
jacki,1
signpost,1
rnd,1
quotomg,1
aboutquot,1
quotwowquot,1
folksbrthis,1
ale,1
onirungbon,1
npciphone,1
elite,1
butting,1
skill,1
mehd,1
merge,1
batterybrwhat,1
strategybrcan,1
lawsuitsbrbutterfly,1
whybrsomebody,1
quotbigger,1
batteryquot,1
dey,1
omo,1
therell,1
collapse,1
ii,1
thingquot,1
asleep,1
allquotbr,1
yesteryear,1
rehash,1
blocker,1
angry,1
microsoft,1
recall,1
rectristed,1
souce,1
vagely,1
controller,1
bmkbhdb,1
bapple,1
notchand,1
clutter,1
mutering,1
ringmute,1
beeeee,1
overexpensive,1
cleaner,1
substatution,1
recipe,1
nickname,1
quotbetterquot,1
iffense,1
iphome,1
shoelws,1
applebrbrwhere,1
martinez,1
betty,1
jason,1
xsbrbrprobably,1
remastered,1
disclaimer,1
androidifying,1
spectrum,1
basket,1
quotokay,1
bezelsbrthey,1
elementary,1
madequot,1
totaly,1
hahahaha,1
phonk,1
anthem,1
boeing,1
analog,1
brnowadays,1
publishing,1
moan,1
proactive,1
advertises,1
quotworlds,1
yearsbronly,1
expandable,1
sizingbrbut,1
allen,1
kenneth,1
ballpoint,1
itirations,1
puff,1
recommends,1
moral,1
ego,1
utility,1
glicthes,1
prefection,1
laterdoes,1
subscribersbrmrwhosetheboss,1
subscribersbrladies,1
gent,1
brlets,1
infinity,1
nikki,1
disregard,1
recgnized,1
capacitybrno,1
xbrsnapchat,1
perfectlybrimages,1
baking,1
nativley,1
sall,1
lowkey,1
sansung,1
pakistan,1
camra,1
baised,1
printer,1
stfu,1
mkbhds,1
sixteen,1
nohting,1
hrefhttpswwwyoutubecomwatchvphkjcamptabrquotthe,1
deage,1
successfulquot,1
mrwhosethebossquot,1
beige,1
supporter,1
lable,1
rut,1
thalaivarae,1
ajithae,1
smack,1
modelsi,1
accomplish,1
scum,1
buttn,1
bitkhz,1
quotquotproquotquot,1
quotlife,1
screenbrstill,1
subrstill,1
lmbo,1
quothey,1
changesbrthe,1
applebut,1
boxier,1
comp,1
callsbrbrfor,1
maxbrbror,1
float,1
bleeding,1
waay,1
nzd,1
aroon,1
gym,1
nicely,1
nearer,1
workflow,1
brbrnah,1
bholding,1
muslim,1
beenbr,1
neighbor,1
proficient,1
irection,1
perez,1
william,1
impatient,1
fortune,1
gdpr,1
triplefold,1
approves,1
phonebrbruh,1
worker,1
lofe,1
iabtickimg,1
glue,1
floor,1
typically,1
cohesive,1
incomplete,1
brsiri,1
choser,1
likequot,1
fyp,1
afbrseriously,1
backseat,1
quotticktockquot,1
ttrading,1
beside,1
lamer,1
sonny,1
insanebrapple,1
donno,1
appleyou,1
segue,1
marquesbr,1
pet,1
dialogue,1
doingi,1
perplexity,1
com,1
guysquot,1
dock,1
underrated,1
offensive,1
flipfold,1
componentscpu,1
bbrme,1
storebrbrsiri,1
namerica,1
exterior,1
quietly,1
devs,1
leverage,1
copilot,1
donequot,1
wisdom,1
teeth,1
crooked,1
featuresbrbrwtf,1
lo,1
spyphone,1
usingworse,1
coze,1
garam,1
ameen,1
sumameen,1
allah,1
yaaaaaawn,1
evolvingbrbrbrbrbrjust,1
sooooooooo,1
hurtingbrbrapple,1
featuresbrbrwhen,1
expertsbrbrthere,1
bleach,1
cumbersome,1
fat,1
mundane,1
bg,1
avaiable,1
accidently,1
actionbutton,1
frustating,1
vol,1
slowmotion,1
sensebr,1
thembrbroh,1
dummyphone,1
suffer,1
hzfuture,1
est,1
farbrbrhe,1
handheld,1
appleonly,1
hwbriphone,1
beggers,1
similarity,1
contemplate,1
quotrefreshquot,1
intelligencebr,1
rearrangement,1
applicable,1
taker,1
nadu,1
quotdont,1
brokenquot,1
architectural,1
pt,1
father,1
uncle,1
graduate,1
bullst,1
uneven,1
beinh,1
blob,1
rarest,1
babybrbri,1
expectingbrbrapple,1
kumar,1
refreshrate,1
rot,1
piston,1
zeeworld,1
quotextraordinary,1
everydayquot,1
sod,1
phoneget,1
teenager,1
weirdly,1
nasty,1
repurchase,1
tweaked,1
retail,1
unimpressed,1
attitude,1
trackball,1
quotcomputer,1
needsquot,1
workbrbrtoday,1
displaystill,1
byawnb,1
brwaiting,1
inquirequot,1
quotfeels,1
eventquot,1
quottalk,1
laterquot,1
herself,1
february,1
weighs,1
lwk,1
samsungafter,1
downplay,1
whiny,1
anymorebrbri,1
waaaaah,1
oblongsbrthe,1
brthese,1
sothey,1
flagshipbrsamsung,1
bs,1
ploy,1
prolook,1
adore,1
worship,1
iphoneare,1
scanyh,1
hitty,1
slam,1
yearbrthanks,1
iphoneworld,1
nahbrmy,1
jeff,1
alexa,1
overdue,1
lease,1
unsubscribe,1
voiceover,1
possibke,1
iunsealed,1
islandnotch,1
bluffing,1
diagonalbr,1
idiotsbrevery,1
upgradebrits,1
ahahhaha,1
proboly,1
brothis,1
allbla,1
instant,1
stupidest,1
ioscause,1
gimmickry,1
ml,1
rewrite,1
brbrapart,1
dis,1
incrementally,1
bois,1
polyglutton,1
altogether,1
quotthird,1
thumbquot,1
robotic,1
noteultra,1
sowedsteve,1
aftermarket,1
execute,1
brbrbit,1
coffee,1
vicinity,1
antifan,1
resurgence,1
presently,1
substance,1
quotwired,1
advertisedquot,1
brps,1
yawnnnnn,1
diminish,1
braincells,1
everysingleyear,1
videogame,1
bottleneck,1
buttonwhich,1
brutally,1
shiyela,1
aigtapplei,1
greattt,1
patheticfor,1
capacityno,1
duplantis,1
jojo,1
siwa,1
perk,1
quotfunquot,1
quotsimplequot,1
quotboringquot,1
nonissue,1
sooooooo,1
bamboozle,1
guinness,1
changedupset,1
quotdif,1
yearsor,1
bcuz,1
mondo,1
responsible,1
seizure,1
plausible,1
ganna,1
hahahahahahahaha,1
mystery,1
epic,1
stare,1
mannnn,1
wonderful,1
tower,1
wil,1
outbrill,1
unhype,1
professionalsbryeah,1
neuralink,1
grocery,1
brmaybe,1
painful,1
somethingbrbrnot,1
intuitivebrbrjust,1
brownlees,1
youtubersbrfollowed,1
withbrlinustechtipsbrflossycarterbrunboxtherapybruravgconsumerbri,1
roadmap,1
fir,1
flopphone,1
noice,1
muchhhhhhhh,1
revieww,1
pov,1
upwards,1
shove,1
skippable,1
session,1
quotrinse,1
repeatquot,1
quottrackpad,1
thosequot,1
whhhhaaaat,1
pollution,1
miscellaneous,1
awareness,1
inform,1
busy,1
gender,1
quotislandlessquot,1
intelligenceai,1
rollens,1
sunglass,1
orangetinted,1
cigarette,1
chickenpox,1
shingle,1
hotter,1
ozone,1
retinal,1
detachment,1
excessive,1
weakens,1
longterm,1
blindness,1
deflector,1
solar,1
buttonbrnokia,1
pitele,1
kaljaani,1
clunky,1
drill,1
screwdriver,1
restrictive,1
brfeels,1
retailer,1
ailes,1
bequot,1
gov,1
kamala,1
dispute,1
peacefully,1
quotdecent,1
effectbr,1
sizebr,1
dolby,1
visionbrand,1
featuresbr,1
workbr,1
yodobashi,1
osaka,1
wacom,1
mous,1
techyoutubers,1
fingersystemquot,1
bra,1
gravity,1
newsbr,1
quotseparationquot,1
dookie,1
subtly,1
burnt,1
prestige,1
wood,1
collection,1
dusk,1
pdm,1
whosethebossportrait,1
nonzero,1
brvivo,1
unveiled,1
thatbridk,1
brofcourse,1
manipulative,1
fpt,1
brandnew,1
interfere,1
slippery,1
shieldbrbrjerryrigeverything,1
paranoid,1
cheerful,1
quotusualquot,1
brbrbrbrbrbrbrbrbrbrbrit,1
mold,1
grassbronly,1
lolbrbras,1
sturdy,1
notchexcuse,1
positively,1
besit,1
brtempted,1
chosen,1
buttonold,1
commit,1
outlay,1
tallest,1
mostof,1
vocal,1
quotin,1
touchhaptic,1
productred,1
impressivebrbralso,1
rollback,1
litteraly,1
aniphone,1
brsamsungs,1
animthion,1
screensbrnice,1
applebrbrpeople,1
nowbrthey,1
tout,1
retract,1
forbidden,1
buttonshaptic,1
unconfortable,1
clone,1
sameee,1
imacs,1
rpm,1
brimacs,1
hdd,1
lipbrwhat,1
lip,1
didbut,1
pricey,1
professionalquotwell,1
yeawhich,1
producer,1
boggling,1
genuinly,1
retard,1
fater,1
twilight,1
chuckle,1
shortsighted,1
glassesfree,1
brbasically,1
prom,1
un,1
devil,1
etch,1
unintentional,1
everythings,1
lottttttttt,1
writer,1
drift,1
steven,1
onoffquot,1
gimmics,1
jobsbr,1
agobrapple,1
coying,1
miner,1
thirsty,1
ummmm,1
butbrwhen,1
abrthey,1
techbryou,1
performancebrand,1
bheres,1
webb,1
thobrbrcustomers,1
butten,1
readwrite,1
annoys,1
hale,1
siris,1
erase,1
braindead,1
persona,1
downward,1
rebadge,1
finance,1
fitting,1
siezes,1
agobrtoday,1
stamp,1
innovatived,1
decaded,1
complexed,1
trendy,1
blablabla,1
monopolic,1
propaganda,1
fbb,1
photograph,1
againbrbrlong,1
privilege,1
moore,1
lee,1
secondly,1
boringbrbrim,1
pterodactyl,1
ehem,1
lamborghini,1
ingrain,1
superfluous,1
ent,1
allot,1
distraction,1
upset,1
silentput,1
bazels,1
stagnationhow,1
repackaging,1
likea,1
sheeping,1
itbrbrsecond,1
awkwardbrbrthird,1
lathebrbrfourth,1
behavior,1
usles,1
taste,1
ahumen,1
toodler,1
notion,1
cheked,1
diffrence,1
nan,1
historically,1
characterize,1
forefront,1
complement,1
crank,1
caz,1
dhould,1
tonecolour,1
serf,1
happierbrthe,1
therebrbri,1
deeply,1
bsbrcheers,1
globe,1
quotthree,1
flavoursquot,1
kayo,1
char,1
commenter,1
zzzzzzzzz,1
replicate,1
withstands,1
concrete,1
stander,1
lab,1
desk,1
dami,1
niyong,1
ebas,1
bibili,1
rin,1
naman,1
whine,1
prevent,1
auro,1
glow,1
scammed,1
stinky,1
intelligenceoh,1
phonebrbreveryone,1
gsbrbrwe,1
organic,1
emit,1
diode,1
flawless,1
islandcamera,1
thenshrug,1
hood,1
tooth,1
comb,1
howd,1
quotwow,1
futuristic,1
unqualified,1
brbras,1
borderless,1
jus,1
chose,1
mama,1
uprade,1
perfomance,1
yeeeaahhfor,1
whatbrevery,1
techtubers,1
remap,1
brbrbrbrand,1
itbrbrmaybe,1
procreate,1
nord,1
phonesits,1
superpower,1
remeber,1
arunbr,1
meantime,1
yearbrbri,1
inability,1
taplet,1
surfacebrbrand,1
matrix,1
appsquot,1
wahtsoever,1
brbrquotall,1
themquotbrbrhis,1
brbrquotwell,1
basequot,1
arbitary,1
iphonebrbad,1
hzbrugly,1
ww,1
mackbook,1
surebrbrbrfor,1
androidskinda,1
nov,1
feb,1
ultraandroid,1
brseriously,1
buyb,1
donate,1
occupier,1
untouched,1
commonly,1
applebrwhat,1
quotdoing,1
googlequot,1
terra,1
craft,1
witg,1
spacemarine,1
brothersquot,1
carrier,1
trickery,1
bgoes,1
chunky,1
pseudo,1
gibberish,1
intention,1
guessquot,1
quotmy,1
adeptus,1
mechanicus,1
srajfon,1
boat,1
killjoy,1
onscreen,1
endsmovesdisappears,1
needlessly,1
pacesetter,1
estate,1
consumerbrbrthat,1
capitalism,1
frequent,1
wtc,1
brbrbrwhat,1
phonebrbrbrnothing,1
spacecpu,1
shiite,1
sensequot,1
spilt,1
boredom,1
illusion,1
blimey,1
maxbrpls,1
coverage,1
brbrsome,1
nova,1
brbrnot,1
hibrbrwhat,1
burner,1
infinitesimally,1
quotand,1
ladder,1
upsell,1
establish,1
mrwhose,1
shrivel,1
husk,1
selfiesbra,1
buttononlyfansiphone,1
lisa,1
brbrmeanwhilebrbrhuawei,1
pointsbrbralso,1
expensivebrbradding,1
allegedly,1
campus,1
doom,1
oon,1
responsive,1
jeet,1
mentionend,1
lokking,1
nem,1
tin,1
wung,1
tetra,1
prism,1
witchcraft,1
aahh,1
parrott,1
quotinovationsquot,1
realy,1
adventurous,1
spirit,1
everi,1
maxonly,1
thatbras,1
neurolink,1
hud,1
generationbrlike,1
weapon,1
indoctrination,1
repairability,1
margin,1
unavailable,1
brbrall,1
mainultrawide,1
gbu,1
raah,1
pookie,1
moviea,1
hrefuckszuwhgymbdvujgamfy_peiknropagaaa,1
pixelsame,1
iphonesame,1
newish,1
gfy,1
inconsistency,1
securely,1
leather,1
nicebrbrshame,1
thompson,1
guest,1
sizebris,1
dollarsbr,1
toddler,1
quotspectacularquot,1
teenage,1
foldsame,1
mockery,1
fawking,1
placementbrit,1
lotbreverytime,1
accidentaly,1
import,1
garcia,1
sandra,1
yearsbrbrthe,1
suttle,1
reinforces,1
worldquot,1
ooo,1
shinier,1
trip,1
qualify,1
account,1
morebrmake,1
roughly,1
freeze,1
phony,1
snoop,1
guaranteed,1
chnage,1
retrain,1
clearer,1
rover,1
backgroud,1
asthetically,1
earlybrive,1
maxbrand,1
yearbri,1
elsebryes,1
miserly,1
loyalist,1
anymorebri,1
norcal,1
brbrwho,1
geographic,1
mil,1
stiffness,1
protects,1
madden,1
shorten,1
lifespan,1
clutch,1
probri,1
thanku,1
yetquot,1
genocide,1
ooh,1
fc,1
quotthoughts,1
prayersquot,1
duh,1
hinge,1
whom,1
bintentionallyb,1
strict,1
withoit,1
batman,1
probable,1
playmaker,1
mishap,1
jose,1
aboit,1
indulge,1
forth,1
tabledesk,1
handset,1
fone,1
impartial,1
circular,1
propromax,1
quotinnovationsquot,1
imono,1
guilliman,1
logistical,1
accommodate,1
profitable,1
sj,1
lmaoo,1
maxbrsad,1
reasonbri,1
quotnatural,1
soundquot,1
yout,1
actuator,1
brboth,1
unboxed,1
prison,1
renew,1
picvideo,1
quotupside,1
downquot,1
lenssbutton,1
mannually,1
wer,1
megapixels,1
carei,1
deactivate,1
homeless,1
thanksgiving,1
feast,1
commerce,1
abusive,1
possibily,1
yearsbrbrapple,1
civilisation,1
ulefone,1
hrefuckszuwhgymbdvujggfxp_zkjkgsdriwcwabrbrso,1
grill,1
overhypes,1
stillgtgtgtgtgtgtgtgt,1
prowess,1
quotwere,1
anniverery,1
cancelletion,1
hopeful,1
perpetual,1
sharpstraight,1
delusional,1
expansive,1
quotxaikquot,1
keyword,1
cuando,1
el,1
wayslow,1
utilused,1
shxt,1
ohhhhhh,1
toughness,1
unusefull,1
buton,1
intuitive,1
boringgggggg,1
authentic,1
motivation,1
wool,1
tidbit,1
popup,1
hack,1
born,1
shazam,1
attain,1
singularity,1
hed,1
venn,1
diagram,1
existent,1
phomes,1
domt,1
international,1
benefiting,1
monolingual,1
wealth,1
nowold,1
bottleexcept,1
relationship,1
jazz,1
outline,1
kbampm,1
peripheral,1
partial,1
confusion,1
error,1
easyeasier,1
package,1
ramrom,1
bcos,1
elephant,1
statistically,1
determines,1
changescolors,1
silo,1
dismantle,1
madebrill,1
xpress,1
handfull,1
stagnation,1
overly,1
convincing,1
bascially,1
chuck,1
merchant,1
steadily,1
firm,1
selfy,1
requirement,1
smartbutton,1
itbronly,1
priciest,1
mephone,1
shine,1
likebr,1
quotopen,1
phquot,1
ddd,1
joint,1
enlighten,1
removedbr,1
erm,1
dune,1
legislature,1
booooring,1
ev,1
favor,1
directionbri,1
indestructible,1
chore,1
pile,1
segway,1
brilliant,1
init,1
quottesting,1
featurequot,1
fulltime,1
december,1
ll,1
belong,1
unimpressive,1
fhe,1
persuade,1
huwai,1
lensbrsamsung,1
bpulls,1
zoomb,1
fatality,1
sobrai,1
aibrbrthats,1
aibrbrapple,1
cheaperbrbrso,1
wenn,1
enoth,1
stood,1
sixty,1
brbrshoot,1
compression,1
retyped,1
unintended,1
rink,1
jackpot,1
brooooooooooobrmake,1
humanity,1
bling,1
quotbriefly,1
differencequot,1
padam,1
nec,1
crisis,1
apparent,1
land,1
ewaste,1
infuriate,1
notsoclean,1
hockey,1
everythingbut,1
brothrrr,1
eliminates,1
reflex,1
antifingerprint,1
reviwers,1
quotsame,1
tmobile,1
nowadaysbr,1
shady,1
notorious,1
quotplayingquot,1
graph,1
quotsomethingquot,1
op,1
agobrbrlooks,1
eur,1
maxbrthey,1
ehm,1
clever,1
america,1
timebr,1
noticable,1
quotnakedquot,1
ibrbrim,1
reviewbrboss,1
yearbrme,1
brpathetic,1
webquotsiri,1
stopwatch,1
enthuastic,1
handicapped,1
advertising,1
sherlock,1
snubbed,1
poi,1
getbr,1
genbr,1
whatbr,1
highlightedbr,1
brbrwhile,1
beach,1
griffy,1
ldont,1
naaa,1
dualstage,1
reframing,1
offcentre,1
distant,1
sega,1
buttonbriphone,1
cu,1
rlly,1
ohh,1
copmaring,1
accessbrbrpeople,1
grey,1
brmoaning,1
surly,1
fetures,1
awe,1
offence,1
softwarebased,1
newcomer,1
thumbprint,1
franchise,1
gamephone,1
asapppp,1
sbrbtw,1
frrr,1
dug,1
quotfreebiesquot,1
unecessary,1
eon,1
gradual,1
thai,1
offload,1
answerbrbarely,1
capitalize,1
uglier,1
unknown,1
samee,1
atm,1
aback,1
trackpadlike,1
silince,1
btn,1
__,1
brewing,1
slightlybetter,1
hdz,1
everbrbrgb,1
championship,1
thingi,1
feelingquot,1
brquotgive,1
prod,1
ultramarinefor,1
recess,1
redesignbrbrbrnah,1
portaits,1
landscapebrbrand,1
convention,1
honestlyhow,1
uugggllyyyy,1
fuing,1
ahahaha,1
accual,1
hawii,1
smth,1
woth,1
spider,1
quotfrom,1
xxxquot,1
tagline,1
uplift,1
fromno,1
dex,1
thailand,1
delayed,1
arsed,1
consumption,1
filiming,1
intro,1
bottons,1
saidbig,1
poin,1
whaha,1
hzbrjust,1
chargingand,1
ytbr,1
comparision,1
reviewbrlike,1
powerfull,1
strip,1
enoough,1
smartphonebr,1
quotjumped,1
camers,1
bcz,1
analyse,1
quotchallenging,1
pcquot,1
braggingwhich,1
iron,1
addon,1
modembrthe,1
uninspired,1
backk,1
belzeless,1
haram,1
brhz,1
aifeatures,1
dayunmmmbr,1
formfactor,1
seamlesslybrbridk,1
ferrari,1
byd,1
yangwang,1
inst,1
trynna,1
tweaksthe,1
knowunderstand,1
infinitely,1
samebrsoftware,1
samebrbattery,1
samebrcameras,1
improvementbrso,1
lense,1
deceivingly,1
fuckaed,1
nokiahtclg,1
fedup,1
automatically,1
lifebrapples,1
victim,1
rollb,1
quotai,1
feturesquot,1
cue,1
spongebob,1
whaaaaaaaaaaaaaaaaaat,1
crapple,1
removable,1
detroit,1
bronx,1
heath,1
hahhaahah,1
invincible,1
maxbrbris,1
notbrbram,1
beye,1
carefully,1
tactfully,1
savage,1
enjoyer,1
giggle,1
cinematic,1
sha,1
bris,1
quotbe,1
firstquot,1
demeanor,1
quotwell,1
alreadyquot,1
sloppy,1
videoing,1
dfirent,1
quottriggersquot,1
volumeaction,1
arbitrarily,1
charm,1
applefied,1
unskippable,1
sleepy,1
woahhh,1
ahard,1
quottook,1
enoughquot,1
legalise,1
quotwoah,1
coolquot,1
quantify,1
clipboard,1
complexity,1
publicly,1
flog,1
stray,1
wierd,1
thekinda,1
aswel,1
exspensive,1
ggoooo,1
newexcept,1
paradoxically,1
nowbris,1
modelbrwhich,1
morebrthats,1
frombrits,1
dualsense,1
tremendous,1
afloat,1
designbr,1
beyonce,1
tumble,1
uninnovative,1
thoroughly,1
burden,1
juz,1
nmw,1
atena,1
quotfinallyquot,1
whyyyyy,1
thooo,1
appleeee,1
prototype,1
assign,1
ser,1
craaaaaaaaaazy,1
pikachu,1
looooong,1
nigeria,1
nothingbrsamsung,1
pepz,1
western,1
logistics,1
appleno,1
immadiately,1
masterclass,1
narrative,1
synonymous,1
exclusivity,1
physically,1
oscrippled,1
enquirequot,1
quotyo,1
thisquot,1
indonesian,1
iceberg,1
toobrnah,1
morebrbr,1
phonesand,1
sonyhtc,1
atom,1
nowbrnothing,1
nowbrboring,1
defferent,1
resemble,1
hugebrbut,1
eeny,1
weeny,1
potato,1
wowpower,1
brandbut,1
itthis,1
viewi,1
mkhbd,1
repel,1
eachother,1
pole,1
yeeeesssss,1
iphonepro,1
useri,1
forbr,1
ideasquot,1
stall,1
feauture,1
quotyoutubers,1
usualquot,1
usefull,1
drip,1
millimeter,1
vidio,1
aboute,1
likebrbrbrboard,1
yearbrboard,1
designbrboard,1
buttonbreveryone,1
richer,1
innovativeapple,1
marginal,1
seemingly,1
mmwave,1
hp,1
rep,1
maxnobody,1
iphonewell,1
hollow,1
doe,1
upgradequotbrmy,1
hzbrusb,1
brgb,1
brno,1
brteamcock,1
buttonbrbrprediction,1
subsbrbrmrwhosetheboss,1
flimsy,1
complciated,1
protrait,1
defacto,1
therebri,1
unintentionally,1
saparate,1
wwdc,1
silicon,1
refreshes,1
quotroundaboutsquot,1
fellaaaaas,1
operates,1
razer,1
six,1
elitism,1
stereoscopic,1
handful,1
quotdquot,1
daresay,1
dread,1
quotecosystemquot,1
rank,1
biphoneb,1
prophacy,1
applebrmark,1
reallyy,1
casebrbrthats,1
sdcard,1
iphonesgtgtgtgteven,1
intergrated,1
standstill,1
fad,1
hypocrite,1
bashing,1
ises,1
depend,1
mood,1
quater,1
thisbrwait,1
composition,1
quotdyingquot,1
imagination,1
crave,1
nfc,1
waaaay,1
notinced,1
onehanded,1
degradation,1
internals,1
brbtw,1
bingo,1
cardquot,1
hobbyist,1
miu,1
hadnt,1
homer,1
simpsonbrbr,1
borrrinnggg,1
brwhen,1
yearsbrbrbiphone,1
versionbri,1
minibar,1
brtime,1
issuesbrbri,1
shitbrbrhey,1
iphonesbrand,1
obstructive,1
brbrsame,1
portfolio,1
displaybrbrmindblowing,1
tbhbrbrwhile,1
calculator,1
pres,1
doble,1
everswitching,1
tbgb,1
tiktokkkk,1
mehim,1
tike,1
worksbrshould,1
fianc,1
shes,1
inteligans,1
featsures,1
increse,1
hoz,1
vert,1
brlove,1
ayan,1
nanaman,1
syempre,1
yan,1
doa,1
mwb,1
fm,1
mehb,1
gamechanger,1
compels,1
spruce,1
daytoday,1
inevitably,1
sack,1
lolz,1
quotfocusquot,1
doubtful,1
maaaaaaaaaan,1
beeeeeen,1
bo,1
hota,1
indicates,1
focussing,1
flare,1
dissipate,1
insulator,1
hahahahaha,1
landcape,1
brandshz,1
phonebrapple,1
ergonomics,1
ki,1
aibr,1
glasswindow,1
comprehension,1
mekumekus,1
acknowledge,1
craig,1
federighis,1
browin,1
therebr,1
babybr,1
uttertly,1
uninteresting,1
outright,1
reelaborated,1
pe,1
mesmerize,1
ontop,1
brio,1
brandroid,1
ultramarinebri,1
horror,1
minuscule,1
hobby,1
equally,1
noisy,1
grainy,1
brnow,1
videobrbrall,1
isbr,1
quoton,1
insidequotbr,1
belief,1
marginalise,1
quotbutquot,1
dunk,1
aboutbrwonder,1
brthank,1
continuous,1
flow,1
hehehe,1
coloursthen,1
casebrunder,1
monstrosity,1
nokiayou,1
differencebrwhy,1
tee,1
defies,1
trusty,1
fuss,1
girlfriend,1
quotpokdexquot,1
operating,1
ignorvation,1
sobrenjoy,1
tectic,1
appreciation,1
hendry,1
buttonquotbrtim,1
wowquot,1
tor,1
blueredgreen,1
le,1
scammy,1
enormous,1
sentence,1
wage,1
deathromans,1
thingsbrnew,1
camerabrnew,1
batterybrnew,1
buttonbrnew,1
modequot,1
quotprofessional,1
everyonebrbras,1
quotfocal,1
regularly,1
thinnestquot,1
bezelsquot,1
realm,1
probrso,1
hotcake,1
contention,1
finaly,1
camerasbrbrk,1
quotcarryquot,1
featuresbrbras,1
quotauto,1
interactionsbrbri,1
quotimprove,1
userexperiencequot,1
playbook,1
soviet,1
samehuh,1
patheticbrbrfor,1
everbrbri,1
mister,1
vocabulary,1
unremarkable,1
thered,1
peek,1
quoteven,1
androidother,1
slang,1
sevn,1
eheheh,1
earpods,1
devialett,1
duplicate,1
stroke,1
quottake,1
fansquot,1
distinction,1
fo,1
fridge,1
pumped,1
dit,1
butbrisnt,1
similarly,1
quotmore,1
brbrthat,1
brbrlastly,1
communicates,1
monetize,1
addict,1
personbrhe,1
brbe,1
litter,1
subtraction,1
butaddition,1
arrest,1
prior,1
gimmic,1
theyl,1
brbrhow,1
hyper,1
abbreviate,1
intelligencetrick,1
phonescalling,1
brbrjust,1
subconcious,1
brill,1
messenger,1
mrwhosatloss,1
emergency,1
jetpacks,1
wideangle,1
referesh,1
displaybut,1
reduction,1
litarally,1
emulate,1
pardon,1
lgtb,1
improvment,1
bottle,1
waterquot,1
apploudes,1
ignorant,1
hologramic,1
completly,1
onebrbuying,1
updatedbryou,1
blabla,1
velcome,1
mistouch,1
maxdecided,1
herz,1
usecase,1
lacklustre,1
drama,1
brdesigners,1
og,1
yearbrsingle,1
brdouble,1
camerabrhold,1
brbrtax,1
peoplebrit,1
brnd,1
induce,1
parameter,1
inflate,1
brbrthankyou,1
jerk,1
stupidly,1
insufficient,1
congz,1
invitation,1
vat,1
gubbermint,1
quit,1
brbryours,1
diffenence,1
incorrect,1
genz,1
iykyk,1
brthanks,1
crew,1
ady,1
crypto,1
triumph,1
austin,1
leyland,1
morris,1
wolsely,1
nahh,1
erens,1
survivesbrit,1
interruption,1
effect,1
abilityprotection,1
bent,1
allegation,1
innnnntroducing,1
alllll,1
pantone,1
appearance,1
quotinventivequot,1
quotboldquot,1
regression,1
regress,1
joystick,1
touchslide,1
anew,1
modelsbriphone,1
hzguess,1
bralot,1
approve,1
enthusiastic,1
mercedes,1
benz,1
innovatively,1
harmfull,1
dive,1
probrbrbut,1
futurebrbrvideo,1
secondbrbrwhen,1
fluidity,1
pleasant,1
salty,1
hrefuckszuwhgymbdvujgfingerrednumberonea,1
du,1
vedio,1
suckus,1
eveb,1
screenback,1
sp,1
periodbrits,1
inherit,1
motionbrbranyways,1
coin,1
precious,1
gospel,1
reconcile,1
incarnate,1
bail,1
metaphorically,1
samequot,1
hq,1
huhu,1
quotbuy,1
ripe,1
tomorrowquot,1
pitch,1
pricequotbrbr,1
mono,1
quotlivequot,1
propperly,1
snooze,1
fest,1
hrefhttpswwwyoutubecomwatchvphkjcamptabram,1
importance,1
quotworld,1
mrboss,1
intelligencewhich,1
usso,1
bshows,1
xbbrbredit,1
hll,1
quotyesterdays,1
mehbrkinda,1
chew,1
shty,1
gettitng,1
pointbrall,1
marketingnumbers,1
enoughbrif,1
inelegancequot,1
attract,1
defender,1
frustratedbrbri,1
drawback,1
brglad,1
shutterbutton,1
webe,1
cucumber,1
viewable,1
featurebrbrfor,1
construction,1
painting,1
pavement,1
reflective,1
fabricate,1
casephonebrbrnext,1
quotaireadyquot,1
equip,1
gauge,1
motherboards,1
independently,1
intelligencebrbrand,1
replaces,1
failbrwhybrim,1
nike,1
shoe,1
quotsmartquot,1
remote,1
supercomputer,1
quotmagicquot,1
connectionbrbrmany,1
electronic,1
sponser,1
arrruuuuuuuunnnnnnnnnn,1
buttonwhy,1
watchingbrbri,1
mechanism,1
shutterbug,1
quotpeople,1
joseph,1
transition,1
applethey,1
designabout,1
kneecap,1
batter,1
quotfind,1
appquot,1
hail,1
nostalgic,1
sasmung,1
quotwhosequot,1
quotwhosquot,1
inept,1
quotpurpose,1
languagei,1
febuary,1
cadence,1
depress,1
comically,1
chappal,1
baiphone,1
polaroid,1
intentionally,1
semiblurry,1
fujifilm,1
ricoh,1
quotpocketablequot,1
bust,1
updrade,1
neuter,1
circumcized,1
pallet,1
discreetly,1
phonebrbrclassic,1
prof,1
thingquotbrbrlets,1
briam,1
smoothlag,1
brat,1
surge,1
disrespect,1
aunty,1
genzs,1
selfies,1
assumption,1
analytics,1
factually,1
authentication,1
eric,1
christopher,1
brstop,1
sleeplook,1
beefed,1
mew,1
feets,1
independent,1
tapped,1
influencer,1
greenline,1
motherboard,1
hardwork,1
diaplay,1
diagnosis,1
repqir,1
jog,1
trhe,1
changin,1
mrwhosethebiased,1
laggyquot,1
btx,1
commentary,1
bland,1
dumbing,1
reachable,1
document,1
rocky,1
likebrbriphone,1
golden,1
award,1
brisssss,1
thickness,1
phonesbrplz,1
lift,1
fumble,1
noob,1
appel,1
latter,1
gun,1
linda,1
phonebrtill,1
costumer,1
fatigue,1
hugely,1
helpppppp,1
beforebrbrnothing,1
epitome,1
notchdynamic,1
quotfunctionalityquotbrbrotherwise,1
constrain,1
proprietary,1
brbrkeep,1
instantly,1
enables,1
centimeter,1
sameeeeeeeeeeee,1
peperidge,1
farm,1
stale,1
shop,1
starbucks,1
depends,1
deprecate,1
everysingle,1
becouse,1
reapir,1
agnist,1
robber,1
sofware,1
sui,1
samung,1
hypocrisy,1
senseless,1
moneyyy,1
resprayed,1
brfor,1
vanilla,1
endlessly,1
quotnothing,1
okkkkkk,1
hec,1
emperorrr,1
raaaahhhhh,1
phonebrsocial,1
memesbrboth,1
thunk,1
quotapplequot,1
thoughbrbrwhy,1
photographyis,1
maybethe,1
earthdwelling,1
humansbrbrwhy,1
quotadd,1
qualitative,1
brbryes,1
judging,1
quotupgradingquot,1
trishadhrisha,1
timestamp,1
buttonspace,1
topic,1
probrbri,1
ananswered,1
pivot,1
changesquot,1
disguise,1
brone,1
xdd,1
thief,1
crucial,1
quotstay,1
wowbrbrbri,1
counting,1
hover,1
dissapointment,1
isheep,1
crown,1
pose,1
tiredness,1
adroid,1
quothz,1
laughablequot,1
futuristicbriphone,1
azz,1
isntead,1
cooky,1
brremember,1
brbroneplus,1
avid,1
global,1
overcharge,1
psychopath,1
awesomebrbrtheir,1
iike,1
customisability,1
relaxed,1
questionbrhow,1
newsflash,1
ideasapples,1
wak,1
quotokquot,1
quotdude,1
wtfquot,1
traditional,1
anually,1
prioritize,1
progressively,1
shuffle,1
rectanglebrbrim,1
corolla,1
wayyy,1
insteadbri,1
brperiod,1
chunk,1
translate,1
existencethere,1
detachable,1
dainty,1
ugghh,1
hungry,1
foolishquot,1
settle,1
immediate,1
unlucky,1
fry,1
siribryou,1
saybrme,1
assurance,1
buttery,1
shopping,1
contain,1
rabbit,1
relative,1
heir,1
quotopticalquot,1
brutal,1
cope,1
ritual,1
challange,1
quotbetter,1
graphicsquotbr,1
brawl,1
securitybrbri,1
subscirbers,1
youuu,1
fitture,1
kg,1
decency,1
detect,1
reject,1
murder,1
feelapple,1
itselfand,1
bumbi,1
wron,1
sencing,1
crippy,1
ninja,1
subscribersbrbrvs,1
coating,1
wathcing,1
rider,1
reviewis,1
recorder,1
lan,1
worstbr,1
brbrwait,1
pokball,1
beauty,1
userfriendly,1
discoverable,1
oculus,1
dreadful,1
rival,1
crow,1
linuss,1
brlinuss,1
cheeky,1
camon,1
kkkkk,1
ae,1
shook,1
grid,1
branding,1
realisticallity,1
dupe,1
lmaooo,1
keyhero,1
movebrbrdoesnt,1
considerably,1
flush,1
quotappquot,1
uniform,1
propped,1
gong,1
salt,1
herebrpeople,1
nett,1
absolutly,1
yetquotbrquotlongest,1
lastingquotbrbri,1
gf,1
xmas,1
yeari,1
chad,1
itel,1
leaker,1
consecutive,1
vission,1
oneinch,1
xmu,1
noiseless,1
nightmode,1
quotmost,1
impressivequotbrquotbiggest,1
fab,1
juice,1
mhz,1
undersized,1
mudule,1
smile,1
latte,1
apology,1
everyyear,1
quotso,1
momquot,1
accessbeta,1
brall,1
tedious,1
taked,1
barly,1
sustain,1
bnon,1
agenda,1
usersthey,1
comeup,1
accomodating,1
gamble,1
nameswe,1
coop,1
appaer,1
jigsaw,1
conscience,1
unconcionable,1
gallon,1
petrol,1
quotenoughquot,1
yearnot,1
si,1
thi,1
punishable,1
toxic,1
australian,1
nasa,1
explode,1
brrule,1
ldn,1
brbrotherwise,1
unbox,1
therapy,1
puppy,1
teleports,1
holeand,1
dame,1
happily,1
export,1
touchpad,1
touchpads,1
sur,1
ou,1
sammy,1
tp,1
obv,1
determind,1
inthe,1
backrogud,1
imobrwish,1
iph,1
nye,1
nerdy,1
iphonezzzzzzzzzzzzzzzzzzzzzzzz,1
joked,1
quottechnicalitiesquot,1
wiser,1
unsubscribed,1
smtn,1
xcover,1
cripple,1
optimize,1
rl,1
rankdle,1
frogbrall,1
imaginationbrapple,1
quotprivatequot,1
visually,1
macx,1
arguably,1
brbrcouldnt,1
brbrto,1
frank,1
takeover,1
improvementbralso,1
primarily,1
organsquot,1
penny,1
bond,1
futurebrthen,1
baddest,1
extrain,1
subsbri,1
iphoney,1
ascend,1
magnetic,1
nitrozz,1
ng,1
rans,1
anpil,1
wiii,1
rub,1
quottech,1
gurusquot,1
betweens,1
bitch,1
gaslighting,1
dissapointed,1
ohhh,1
brbrlets,1
nontransparent,1
pit,1
viable,1
shuttet,1
seriesbrbri,1
commission,1
ghanaians,1
hzwelcome,1
partbrimage,1
itbrwriting,1
isbrpriority,1
revolutionarybrsiri,1
judge,1
pleasee,1
lower,1
ultraquot,1
hahahahaahhahahaha,1
brgenmoji,1
emojibrnew,1
mystical,1
onesbrvisual,1
lensquot,1
accessiblebrmessage,1
becasue,1
lap,1
usersquotbrguess,1
maiden,1
distinctive,1
heardisapointing,1
plsss,1
ala,1
belive,1
mis_touch,1
aple,1
interview,1
brsure,1
dumbified,1
fuse,1
ideastechnologyquot,1
fanbois,1
prosumer,1
adobe,1
lightroom,1
flexibility,1
output,1
dolars,1
vlogger,1
vlogs,1
spine,1
brbrdemand,1
brbrsteve,1
yyyyeah,1
betterbrdoes,1
nobrwe,1
sbrbrphones,1
aford,1
bettery,1
nevertheless,1
quotdnamic,1
prada,1
gucci,1
louis,1
vuitton,1
armani,1
hrefhttpswwwyoutubecomwatchvphkjcamptabrdont,1
pride,1
archive,1
quothome,1
rearrange,1
soooooo,1
lmfaooo,1
fked,1
copyingbrdesign,1
xiamo,1
injector,1
hrefuckszuwhgymbdvujgksifylzfolmakanydqagai,1
hrefuckszuwhgymbdvujgwify_bwafipqipvncaaua,1
abut,1
unbeliveble,1
sayingbest,1
hypnitized,1
gimick,1
childish,1
slo,1
hrefuckszuwhgymbdvujghcifylbjxpakbxcocaai,1
waster,1
dramaa,1
sansungs,1
yearbrbut,1
outta,1
brman,1
pixelgoogle,1
curriculum,1
goodlooking,1
brbrin,1
buzzz,1
thumbnailbrchange,1
moviestv,1
theyapple,1
premise,1
sandbox,1
hzquot,1
underperform,1
videobrarun,1
proly,1
photographervideographer,1
mebrwell,1
feat,1
wha,1
interferes,1
dime,1
videobrhate,1
netflix,1
itbrbrbrno,1
fluid,1
grass,1
mild,1
understandable,1
crammed,1
microscopic,1
rampd,1
sbrbrid,1
downgradedbrbri,1
colourful,1
monotonous,1
samsungoneplus,1
thirst,1
slayayyay,1
ssd,1
booboo,1
ibend,1
iti,1
dystopian,1
zuckerberg,1
lizard,1
todaybrbrfirst,1
cement,1
forecast,1
precursor,1
hesitation,1
muller,1
anna,1
bald,1
dumpinng,1
buzzzz,1
bid,1
jail,1
acceleration,1
boss,1
quotspeed,1
automate,1
planetquot,1
becuz,1
quotbuttonsquot,1
desing,1
config,1
breakbrbrbra,1
bhmmmmmmmb,1
bwait,1
minuteb,1
tongue,1
prores,1
swears,1
stillllll,1
anti,1
lefthand,1
frombrlike,1
shutterquotbrmaybe,1
pajeet,1
indian,1
fantasy,1
cheapest,1
changequot,1
whetever,1
revolutionise,1
brbrsony,1
bumpertrigger,1
easilybrbrits,1
steer,1
nonreplacable,1
everthing,1
correction,1
raybans,1
mrwhosethebossbrbrsince,1
lingo,1
portraitquot,1
psycho,1
popularise,1
dslresque,1
metric,1
reel,1
anywaybrbrand,1
andoid,1
crazyyy,1
snapseed,1
ratebr,1
thevk,1
unclear,1
container,1
vfx,1
assdroids,1
ampamp,1
fyi,1
visionbriphone,1
sellout,1
anthony,1
verson,1
hurry,1
alibaba,1
mocked,1
lolbrits,1
hw,1
loses,1
retain,1
rigid,1
everbri,1
oems,1
singlehandedly,1
yooo,1
harderso,1
thinnerbrbrme,1
weakbrbrbrapple,1
fifty,1
appple,1
bif,1
kyu,1
arah,1
gain,1
elimination,1
endear,1
brbrnext,1
mull,1
utilize,1
graphicsquot,1
onscreenbuttons,1
priceless,1
aibrme,1
barbie,1
quotleaksquot,1
dissapointing,1
bosshappy,1
wid,1
dmb,1
refer,1
aggregate,1
purveyor,1
gadgetry,1
quotpro,1
tourney,1
powerhouse,1
lolbrone,1
unfairly,1
relentlessly,1
grats,1
association,1
funnier,1
seebrnew,1
brgenius,1
vapour,1
chamber,1
somethinf,1
genbrsame,1
tooare,1
prosnever,1
offically,1
understood,1
empirical,1
repeatable,1
evidence,1
hug,1
tighter,1
upgradesbralready,1
antitrust,1
lawsuit,1
showbrbrvideo,1
jargon,1
hahhaah,1
thingsbrisnt,1
grantedbesides,1
brjerryrigeverything,1
displaybr,1
ty,1
reporgrammed,1
fulfil,1
lowpower,1
ondevice,1
ismakes,1
dismiss,1
ahaa,1
jitter,1
khd,1
bwahhh,1
againbrbrapple,1
logobrbrpeople,1
quotbuttonlessquot,1
gigsbr,1
mosquito,1
net,1
thar,1
wander,1
backyard,1
resume,1
whai,1
shiit,1
rebadged,1
gtgtgtgtgtbutton,1
paralyze,1
concretely,1
california,1
redecioulous,1
pointlessbrbrok,1
builtin,1
jet,1
rating,1
unit,1
arecapture,1
featureswtf,1
immense,1
forgets,1
otps,1
slowlystretchasfarasicanuntilirealizemyfingersarentlongenoughandthengiveupandthenjustresorttousemyscreentoopentheapplikeonapeasantknownaction,1
buttonbrbrphew,1
theinnovation,1
fiesta,1
teal,1
sont,1
firget,1
agobrhow,1
losingbr,1
terribly,1
scar,1
reccomend,1
belongs,1
hmmmmmmmmmm,1
felloff,1
buttonquotbrmrwhosetheboss,1
brbrback,1
earphonesheadphone,1
sleek,1
dubai,1
ohno,1
mbrand,1
mbrbrthe,1
endsbrbrhe,1
bdear,1
bhai,1
npu,1
topstrillion,1
operation,1
gee,1
releasee,1
anorexic,1
entertainingbrbrbut,1
query,1
wellobserved,1
interestingbra,1
purchasing,1
oblique,1
hillarious,1
whoever,1
upgradebrbrits,1
flashy,1
newlooking,1
finetuning,1
gaurentee,1
bcs,1
camerabrinnovation,1
geg,1
mortal,1
hardwear,1
modelwhich,1
ol,1
modelbrapple,1
doesbronly,1
career,1
vineyard,1
license,1
agreement,1
increasingly,1
cop,1
diameter,1
brbrbetween,1
quotfeaturequot,1
disconnect,1
buttonswhat,1
comper,1
seel,1
useor,1
quotearlyquot,1
architecture,1
consumes,1
tome,1
tvbrmobile,1
deckbrai,1
brainand,1
gptaaand,1
leonardo,1
lately,1
guitar,1
quotbreaking,1
dud,1
quotlook,1
sooner,1
loli,1
screenshotsthats,1
pspc,1
productivity,1
brmovies,1
twoto,1
jamming,1
facebrbrif,1
thatd,1
greeeaaatttt,1
icl,1
deer,1
skeem,1
dumped,1
burried,1
unorganized,1
bogass,1
idl,1
varient,1
exwife,1
yearmaybe,1
achievement,1
quotif,1
revolutionaryquot,1
ioven,1
underscreen,1
pf,1
forehead,1
nextbrbrconsidering,1
leaf,1
predicament,1
timingbrbri,1
compel,1
thoughbrbrone,1
ratebrtwo,1
binning,1
compatitively,1
htey,1
quotone,1
allquot,1
explore,1
phonesbrfeel,1
perfection,1
mpx,1
heavier,1
knee,1
gflitching,1
league,1
soundtrack,1
exclude,1
innovator,1
brbrtechnologys,1
motive,1
communist,1
ccp,1
falun,1
dafa,1
practitioner,1
assemblyman,1
amateurish,1
bending,1
hearidbrbrbralso,1
sibling,1
starfish,1
bathroom,1
photographic,1
smg,1
genocidesociety,1
transplantation,1
acrion,1
lefthander,1
brrest,1
territory,1
spreadsheet,1
relese,1
maxbrnow,1
goatbriphone,1
ultrabrbrbrbrbrbrchoose,1
tolerable,1
borderline,1
street,1
declare,1
buttun,1
rizz,1
swallow,1
intruiged,1
samsumg,1
shiii,1
updrading,1
biting,1
sarcasm,1
unbridled,1
arrogance,1
bulkier,1
orientationbriphone,1
shrink,1
tray,1
hzbrwhy,1
consent,1
brbrhe,1
thatquot,1
brbra,1
inprovement,1
mistaken,1
centimetre,1
daybrso,1
yearif,1
innovationyou,1
ue,1
copyamppaste,1
philosophical,1
upgradebrbrbrbrbrbrbrbrbrbrbrbrbrbrbrbrbralso,1
bezelbrandroid,1
curvv,1
displaybexel,1
punchhole,1
stuffcause,1
yearbrapple,1
daybrtime,1
outcome,1
gah,1
mpixel,1
applefuck,1
adsquot,1
fpsbrapple,1
spotify,1
opaque,1
electricity,1
bsse,1
rickroll,1
luckily,1
notbrbrthat,1
normies,1
maxbrbrai,1
coller,1
devoid,1
decadeno,1
unveil,1
apnea,1
headline,1
fanatical,1
educate,1
presidential,1
election,1
president,1
trump,1
morequot,1
securityquot,1
aibrwhats,1
wooooow,1
nooooow,1
overengineered,1
clicksgestures,1
goofy,1
heartbeat,1
neough,1
process,1
jean,1
dhrisha,1
zach,1
modelbrof,1
brbrps,1
ear,1
drum,1
uttered,1
brbrdont,1
substandard,1
openion,1
initiate,1
quotsearch,1
engine,1
alternativequot,1
glucose,1
judged,1
outcast,1
snd,1
bugsproblems,1
buggy,1
creat,1
urge,1
techimmast,1
reorient,1
spicy,1
sadweve,1
ntg,1
selfish,1
displaybrother,1
candy,1
crispy,1
aggressively,1
lgbt,1
interrupt,1
sing,1
journeywe,1
resurpassed,1
arabian,1
camouflage,1
quotbuying,1
yearquotbrbrapple,1
fanboysbr,1
brcall,1
player,1
eraser,1
cc,1
alignment,1
kasam,1
jisne,1
nahi,1
kiya,1
vo,1
ho,1
jayega,1
buttonsquotbrbrfive,1
retool,1
whichever,1
problematic,1
immerse,1
lifecycle,1
dangle,1
justifies,1
cynic,1
diabetes,1
assistent,1
gemeni,1
intligence,1
honestbrthis,1
iphonesbrbrlets,1
executivessuits,1
rom,1
wozniak,1
downside,1
iflip,1
iphlip,1
technologically,1
thisis,1
inaudibly,1
bquestionb,1
bw,1
professionally,1
grammatically,1
zollotech,1
bew,1
fvxking,1
forba,1
bin,1
thingsbrbrfor,1
bff,1
ik,1
maxb,1
pinch,1
gatekeep,1
serie,1
subtract,1
moderately,1
vibing,1
periodbrdont,1
smartly,1
movement,1
iphonebri,1
nowbrbrive,1
buttonbrobviously,1
themselvesbrdont,1
academic,1
lowbudget,1
intreerede,1
lade,1
wowbreven,1
buttonsbrapple,1
thingbr,1
timebrme,1
conveythe,1
opinionbrwould,1
cat,1
familyfriend,1
dobrbrappreciate,1
input,1
factbrthe,1
homeworkbriphone,1
obviousbriphone,1
holder,1
necessarily,1
uppppp,1
adoptersits,1
chippedscratchedbarely,1
brbrseems,1
yearbrwhile,1
genration,1
fuckin,1
reinnovate,1
sheeple,1
xnot,1
xxx,1
showoff,1
cull,1
herd,1
safest,1
mrehosetheboss,1
uploads,1
growth,1
dribble,1
pplus,1
fare,1
mag,1
initially,1
impactful,1
generative,1
whatnot,1
blindly,1
wig,1
brhave,1
concert,1
scoop,1
scale,1
lcd,1
quotbleeding,1
technologyquot,1
thys,1
modesbrbroverall,1
namingseems,1
resembles,1
competitorspoor,1
itthey,1
yearbut,1
versionis,1
notim,1
grand,1
aud,1
pastel,1
nto,1
bnew,1
lensb,1
flasgship,1
videobrafter,1
fabrication,1
practicality,1
extort,1
brbrby,1
samaung,1
trashy,1
gimmeequot,1
eyebrow,1
bey,1
bruhhh,1
catgirls,1
simping,1
literal,1
brinnovation,1
authenticity,1
tsmc,1
darker,1
magenta,1
razr,1
ctrlc,1
ctrlv,1
sheesh,1
cheapo,1
wedding,1
sleeve,1
productsi,1
spotteddddd,1
yeara,1
brcongressman,1
ishibashi,1
rintaro,1
takehara,1
palpable,1
lemon,1
undercooked,1
pastquot,1
orientate,1
howthat,1
som,1
quotmachine,1
briefcase,1
unhyped,1
forpros,1
bfusion,1
camerab,1
worsen,1
trim,1
bitterness,1
thingsbrwhen,1
earlir,1
joseantonioponton,1
mexican,1
goody,1
beyonc,1
jokingly,1
orb,1
lvl,1
gamepass,1
npc,1
accepted,1
turtleneck,1
afterlife,1
brgoole,1
themselvesbraction,1
featuresbrin,1
yearbrseems,1
twostage,1
inly,1
recognition,1
upbrbri,1
ia,1
lumen,1
phablets,1
yearbrbrrandom,1
buttonbrbrapple,1
nerf,1
issuebrbrapple,1
probrbrwho,1
learningquot,1
slimdown,1
tetsu,1
ochiumi,1
naoya,1
ceremony,1
configure,1
backgroundpls,1
trent,1
insight,1
thw,1
iphonebrbrworth,1
scooby,1
unmaskiny,1
digest,1
kangaroo,1
calmer,1
suprased,1
gorilla,1
breathlmao,1
bevent,1
ecoming,1
mov,1
intteligence,1
mossad,1
fbi,1
majestic,1
thunderstruck,1
echo,1
seamless,1
synching,1
costly,1
antiglare,1
corn,1
downbrbri,1
oni,1
iosandroid,1
ipados,1
gizmo,1
nowwhats,1
yeasrs,1
texture,1
toolets,1
brief,1
rtx,1
chnages,1
reg,1
hzbriphone,1
arebrthanks,1
plateaued,1
mij,1
cantrie,1
materialistic,1
class,1
wannabe,1
prosbrthey,1
greatip,1
ipnow,1
enhances,1
anr,1
laggybrbrthats,1
atrocious,1
flak,1
concise,1
wure,1
snieuws,1
obsess,1
pixelbrmaybe,1
brbrcamera,1
buttonbr,1
tuber,1
protest,1
bumpbrbri,1
article,1
sham,1
arunbrive,1
arunbrsince,1
proiphone,1
triangle,1
complainedbrbri,1
daylight,1
brookie,1
stricter,1
spoon,1
bruhh,1
sesative,1
jackbrthis,1
innovationbrdidnt,1
onquot,1
ridicule,1
bre,1
achip,1
dawg,1
daymn,1
samsunggoogle,1
concurrently,1
tweet,1
plainly,1
quotnice,1
whatquotbrbrbig,1
pointandshoot,1
leger,1
sothe,1
quotandroidquot,1
dictat,1
ultramarinebrultramarinebrultramarinesbrfor,1
exclusion,1
bloatware,1
applebrthese,1
critic,1
nowbrtrying,1
dobrthese,1
hrefhttpswwwyoutubecomwatchvphkjcamptaapple,1
productsbrbrarun,1
concernbrok,1
inclusive,1
functionsbrapple,1
functionsbrusers,1
nikokado,1
aheadbrapple,1
brbrwwdc,1
nvidia,1
rang,1
chef,1
largly,1
fence,1
closeup,1
bee,1
cooperate,1
appfiles,1
narket,1
summarizes,1
litreally,1
bb,1
heian,1
consumerbrbrits,1
sceen,1
gp,1
kanguru,1
breakdance,1
dollarsbrbr,1
handsu,1
dishonest,1
butbrthis,1
rearange,1
rim,1
importantly,1
stubbornly,1
attach,1
playersbrdoesnt,1
savy,1
grandma,1
nexthome,1
brluckily,1
reception,1
photoshop,1
quotstudio,1
microphonesquot,1
parrot,1
slop,1
contrast,1
destroys,1
casualsquotbrbrbrpeople,1
hm,1
apprule,1
thirdsgrid,1
knockoff,1
eveen,1
bruhhhhhhh,1
virtually,1
mintues,1
weeknd,1
geez,1
betterbrbror,1
countryregion,1
region,1
quotcoming,1
airpower,1
lenssamsung,1
brperfect,1
impressionbrbri,1
lesson,1
usersfans,1
shoulder,1
prominent,1
brighten,1
quotmorsecode,1
eyesquot,1
quotfeatures,1
voila,1
gunna,1
brbrlike,1
itch,1
suckssssss,1
featureswhy,1
graphene,1
trevor,1
noah,1
goodluck,1
gooooooooooo,1
dankpods,1
bnewb,1
adbrquincidence,1
functionsports,1
trackpads,1
actively,1
twobottom,1
gist,1
calon,1
pemilik,1
frighten,1
realizes,1
yearbrbrim,1
quotadvantagesquotbrbrive,1
caputr,1
nnot,1
probrapple,1
reseller,1
slickest,1
wet,1
gut,1
fasho,1
brjerry,1
betterat,1
quotprettyquot,1
brhoping,1
hzbryikes,1
quotsamsungquot,1
rain,1
hiccup,1
primary,1
backup,1
decrease,1
ibigi,1
irl,1
celebration,1
dlsrlike,1
imaginebronce,1
mebrif,1
surf,1
tan,1
lumia,1
jedi,1
dobrbrbrbrwhat,1
fiasgo,1
bi,1
peach,1
promaxs,1
simultaneouslyi,1
aftermath,1
homemade,1
halide,1
badbri,1
frustrationbrespecially,1
ups,1
perma,1
sway,1
flamingo,1
quotipoo,1
maxquot,1
succeed,1
nda,1
facial,1
behold,1
tinder,1
whitewash,1
detailmushiness,1
oppovivoxiaomi,1
comedy,1
sketch,1
nerve,1
quotsighquot,1
applereleases,1
couloured,1
brnokia,1
brgoogle,1
whatthefaaa,1
rearranges,1
quotrevolutionaryquotbredit,1
boringjust,1
olympic,1
sample,1
mindset,1
folder,1
comfier,1
brbrevery,1
brevery,1
whike,1
herebring,1
autual,1
acorn,1
quottitaniumquot,1
humansbrnothing,1
upbrbrterrance,1
salesquotbrthe,1
applethen,1
chooses,1
bettergreat,1
ransom,1
phishing,1
database,1
serversbr,1
blackmail,1
trading,1
marketplace,1
listing,1
vidoes,1
mamma,1
obtain,1
themselvesbrbr,1
allege,1
hacker,1
direct,1
repositorybr,1
hilariously,1
gmail,1
exponentially,1
diverse,1
bronly,1
camerabatterybrother,1
pollute,1
antiright,1
identicalbrbrpassionfruitthats,1
virtue,1
yeaaaa,1
quotdoes,1
swipequot,1
futurequotbrapple,1
buttonsb,1
lisp,1
rotate,1
cease,1
pinacle,1
legally,1
bribe,1
headquarters,1
immune,1
launcher,1
shuts,1
apartment,1
bed,1
bedroom,1
sutter,1
iphonebrhalf,1
xperiasbrnothing,1
tbhand,1
seed,1
pirate,1
reddit,1
prosecution,1
deressed,1
genuis,1
playstation,1
xbox,1
divulge,1
brainwash,1
property,1
torrent,1
misuse,1
counterpart,1
prerelease,1
punishmentbr,1
rave,1
quotinnovativequot,1
idiotsquot,1
brbratleast,1
brw,1
memorygb,1
extension,1
eurosbreveryone,1
androidification,1
hideous,1
phonebrbryou,1
butbr,1
iibr,1
xa,1
seriesbr,1
compactbrbrand,1
wwdcs,1
bdt,1
wauw,1
sked,1
androud,1
orange,1
partnership,1
hasselblad,1
emp,1
helicopter,1
detonation,1
defense,1
russia,1
north,1
threaten,1
empty,1
phonesbrnow,1
ssome,1
j,1
daaang,1
therere,1
jerrry,1
glitchint,1
limitless,1
againbrbrbrstill,1
wamera,1
remake,1
alongthe,1
chatgtp,1
abiut,1
paraphrase,1
tadah,1
bluntly,1
banimationb,1
differentbrbrarun,1
greatbrbri,1
motorolla,1
croppingbrbrhowever,1
itbrbralso,1
brmake,1
muchbrbut,1
itbrbrhave,1
bhuh,1
buyin,1
knw,1
weirdo,1
iphoneaccording,1
innovationat,1
earlyyy,1
designbrz,1
insurance,1
outttttbrlike,1
uppppppppppppppp,1
crystal,1
boombastic,1
fruit,1
phonebra,1
quotfuture,1
realsed,1
yesss,1
daybrbrquotbut,1
gdu,1
icrap,1
microscope,1
arrival,1
whooo,1
slept,1
grove,1
quicker,1
whybrseems,1
smartcamera,1
prop,1
thay,1
lavaquot,1
married,1
handson,1
louder,1
nicer,1
surbprised,1
astarte,1
keen,1
meow,1
def,1
tele,1
brwhy,1
betvien,1
sience,1
brbrlol,1
et,1
bttons,1
webpage,1
tribute,1
guide,1
mrwhosethebosa,1
minnites,1
aquamarine,1
colorsquot,1
ooohhh,1
aaccident,1
valley,1
appld,1
bud,1
screenb,1
pwms,1
preordering,1
shitphone,1
overvalue,1
collaborate,1
oops,1
tock,1
hem,1
ahoresbr,1
firsttttt,1
firstttttt,1
yeahh,1
hii,1
ni,1
thattechguy,1
wooooo,1
brtruly,1
coment,1
haw,1
outbrbrbrbrbrbredit,1
sher,1
tenth,1
africa,1
brpin,1
plzz,1
computation,1
herebrbrapple,1
brbrh,1
ois,1
yayyyyy,1
firsttttr,1
nicee,1
bike,1
brbefore,1
mrwhoseboss,1
techphone,1
companymanufacturer,1
likebrbrnice,1
boringgg,1
itbrexcept,1
inspite,1
ganggg,1
yiutuber,1
amppaste,1
ammunition,1
aaaand,1
northing,1
dope,1
frombrthe,1
dayquotbrbrquotbut,1
thenquot,1
cure,1
cancer,1
alzheimers,1
abomination,1
huhhh,1
wsp,1
delight,1
iphonebrmeh,1
coloursbrmeh,1
phonebrincredibly,1
brst,1
firstttt,1
juse,1
yearbrcolour,1
rewiew,1
yaaaaa,1
yuuhh,1
vroh,1
phine,1
apole,1
carnival,1
laughter,1
